-- phpMyAdmin SQL Dump
-- version 5.2.0
-- https://www.phpmyadmin.net/
--
-- Host: 127.0.0.1:3306
-- Generation Time: Jan 01, 2026 at 08:46 AM
-- Server version: 8.0.31
-- PHP Version: 8.2.0

SET SQL_MODE = "NO_AUTO_VALUE_ON_ZERO";
START TRANSACTION;
SET time_zone = "+00:00";


/*!40101 SET @OLD_CHARACTER_SET_CLIENT=@@CHARACTER_SET_CLIENT */;
/*!40101 SET @OLD_CHARACTER_SET_RESULTS=@@CHARACTER_SET_RESULTS */;
/*!40101 SET @OLD_COLLATION_CONNECTION=@@COLLATION_CONNECTION */;
/*!40101 SET NAMES utf8mb4 */;

--
-- Database: `stocks`
--

-- --------------------------------------------------------

--
-- Table structure for table `app_settings`
--

DROP TABLE IF EXISTS `app_settings`;
CREATE TABLE IF NOT EXISTS `app_settings` (
  `id` bigint UNSIGNED NOT NULL AUTO_INCREMENT,
  `user_id` bigint UNSIGNED NOT NULL,
  `tax_payer_id` varchar(32) CHARACTER SET utf8mb4 COLLATE utf8mb4_unicode_ci DEFAULT NULL,
  `tax_payer_type` enum('FO','PO') CHARACTER SET utf8mb4 COLLATE utf8mb4_unicode_ci NOT NULL DEFAULT 'FO',
  `document_workflow_id` enum('O','P') CHARACTER SET utf8mb4 COLLATE utf8mb4_unicode_ci NOT NULL DEFAULT 'O',
  `base_currency` char(3) CHARACTER SET utf8mb4 COLLATE utf8mb4_unicode_ci NOT NULL DEFAULT 'EUR',
  `created_at` datetime NOT NULL DEFAULT CURRENT_TIMESTAMP,
  `updated_at` datetime NOT NULL DEFAULT CURRENT_TIMESTAMP ON UPDATE CURRENT_TIMESTAMP,
  `created_by` bigint UNSIGNED DEFAULT NULL,
  `updated_by` bigint UNSIGNED DEFAULT NULL,
  PRIMARY KEY (`id`),
  UNIQUE KEY `uk_settings_user` (`user_id`),
  KEY `fk_settings_created_by` (`created_by`),
  KEY `fk_settings_updated_by` (`updated_by`)
) ENGINE=InnoDB DEFAULT CHARSET=utf8mb4 COLLATE=utf8mb4_unicode_ci;

-- --------------------------------------------------------

--
-- Table structure for table `broker_account`
--

DROP TABLE IF EXISTS `broker_account`;
CREATE TABLE IF NOT EXISTS `broker_account` (
  `id` bigint UNSIGNED NOT NULL AUTO_INCREMENT,
  `user_id` bigint UNSIGNED NOT NULL,
  `broker_code` varchar(64) CHARACTER SET utf8mb4 COLLATE utf8mb4_unicode_ci NOT NULL,
  `name` varchar(128) CHARACTER SET utf8mb4 COLLATE utf8mb4_unicode_ci NOT NULL,
  `currency` char(3) CHARACTER SET utf8mb4 COLLATE utf8mb4_unicode_ci NOT NULL DEFAULT 'EUR',
  `is_active` tinyint(1) NOT NULL DEFAULT '1',
  `created_at` datetime NOT NULL DEFAULT CURRENT_TIMESTAMP,
  `updated_at` datetime NOT NULL DEFAULT CURRENT_TIMESTAMP ON UPDATE CURRENT_TIMESTAMP,
  `created_by` bigint UNSIGNED DEFAULT NULL,
  `updated_by` bigint UNSIGNED DEFAULT NULL,
  PRIMARY KEY (`id`),
  UNIQUE KEY `uk_broker_user_code` (`user_id`,`broker_code`),
  KEY `fk_broker_created_by` (`created_by`),
  KEY `fk_broker_updated_by` (`updated_by`)
) ENGINE=InnoDB AUTO_INCREMENT=2 DEFAULT CHARSET=utf8mb4 COLLATE=utf8mb4_unicode_ci;

--
-- Dumping data for table `broker_account`
--

INSERT INTO `broker_account` (`id`, `user_id`, `broker_code`, `name`, `currency`, `is_active`, `created_at`, `updated_at`, `created_by`, `updated_by`) VALUES
(1, 1, 'BKS_BANK', 'BKS Bank', 'EUR', 1, '2025-12-25 19:30:24', '2025-12-25 19:30:30', 1, NULL);

-- --------------------------------------------------------

--
-- Table structure for table `dividend`
--

DROP TABLE IF EXISTS `dividend`;
CREATE TABLE IF NOT EXISTS `dividend` (
  `id` bigint UNSIGNED NOT NULL AUTO_INCREMENT,
  `user_id` bigint UNSIGNED NOT NULL,
  `broker_account_id` bigint UNSIGNED DEFAULT NULL,
  `instrument_id` bigint UNSIGNED DEFAULT NULL,
  `dividend_payer_id` bigint UNSIGNED NOT NULL,
  `received_date` date NOT NULL,
  `ex_date` date DEFAULT NULL,
  `pay_date` date DEFAULT NULL,
  `dividend_type_code` varchar(16) CHARACTER SET utf8mb4 COLLATE utf8mb4_unicode_ci NOT NULL,
  `source_country_code` char(2) CHARACTER SET utf8mb4 COLLATE utf8mb4_unicode_ci NOT NULL,
  `gross_amount_eur` decimal(18,2) NOT NULL,
  `foreign_tax_eur` decimal(18,2) DEFAULT NULL,
  `original_currency` char(3) CHARACTER SET utf8mb4 COLLATE utf8mb4_unicode_ci DEFAULT NULL,
  `gross_amount_original` decimal(18,6) DEFAULT NULL,
  `foreign_tax_original` decimal(18,6) DEFAULT NULL,
  `fx_rate_to_eur` decimal(18,8) DEFAULT NULL,
  `payer_ident_for_export` varchar(64) CHARACTER SET utf8mb4 COLLATE utf8mb4_unicode_ci DEFAULT NULL,
  `treaty_exemption_text` varchar(100) CHARACTER SET utf8mb4 COLLATE utf8mb4_unicode_ci DEFAULT NULL,
  `notes` varchar(255) CHARACTER SET utf8mb4 COLLATE utf8mb4_unicode_ci DEFAULT NULL,
  `is_voided` tinyint(1) NOT NULL DEFAULT '0',
  `void_reason` varchar(255) CHARACTER SET utf8mb4 COLLATE utf8mb4_unicode_ci DEFAULT NULL,
  `created_at` datetime NOT NULL DEFAULT CURRENT_TIMESTAMP,
  `updated_at` datetime NOT NULL DEFAULT CURRENT_TIMESTAMP ON UPDATE CURRENT_TIMESTAMP,
  `created_by` bigint UNSIGNED DEFAULT NULL,
  `updated_by` bigint UNSIGNED DEFAULT NULL,
  PRIMARY KEY (`id`),
  UNIQUE KEY `uk_dividend_dedupe` (`user_id`,`dividend_payer_id`,`received_date`,`gross_amount_eur`,`foreign_tax_eur`),
  KEY `idx_div_user_date` (`user_id`,`received_date`),
  KEY `idx_div_user_payer_date` (`user_id`,`dividend_payer_id`,`received_date`),
  KEY `fk_div_broker` (`broker_account_id`),
  KEY `fk_div_instr` (`instrument_id`),
  KEY `fk_div_payer` (`dividend_payer_id`),
  KEY `fk_div_created_by` (`created_by`),
  KEY `fk_div_updated_by` (`updated_by`)
) ENGINE=InnoDB AUTO_INCREMENT=2 DEFAULT CHARSET=utf8mb4 COLLATE=utf8mb4_unicode_ci;

--
-- Dumping data for table `dividend`
--

INSERT INTO `dividend` (`id`, `user_id`, `broker_account_id`, `instrument_id`, `dividend_payer_id`, `received_date`, `ex_date`, `pay_date`, `dividend_type_code`, `source_country_code`, `gross_amount_eur`, `foreign_tax_eur`, `original_currency`, `gross_amount_original`, `foreign_tax_original`, `fx_rate_to_eur`, `payer_ident_for_export`, `treaty_exemption_text`, `notes`, `is_voided`, `void_reason`, `created_at`, `updated_at`, `created_by`, `updated_by`) VALUES
(1, 1, NULL, 14, 2, '2025-12-31', '2025-12-04', '2025-12-26', 'DIV', 'US', '2.85', '0.43', 'USD', '3.350000', '0.500000', '1.17570000', NULL, NULL, NULL, 0, NULL, '2025-12-31 16:57:51', '2026-01-01 07:57:02', NULL, NULL);

-- --------------------------------------------------------

--
-- Table structure for table `dividend_document`
--

DROP TABLE IF EXISTS `dividend_document`;
CREATE TABLE IF NOT EXISTS `dividend_document` (
  `dividend_id` bigint UNSIGNED NOT NULL,
  `document_id` bigint UNSIGNED NOT NULL,
  PRIMARY KEY (`dividend_id`,`document_id`),
  KEY `fk_dd_document` (`document_id`)
) ENGINE=InnoDB DEFAULT CHARSET=utf8mb4 COLLATE=utf8mb4_unicode_ci;

--
-- Dumping data for table `dividend_document`
--

INSERT INTO `dividend_document` (`dividend_id`, `document_id`) VALUES
(1, 5);

-- --------------------------------------------------------

--
-- Table structure for table `dividend_payer`
--

DROP TABLE IF EXISTS `dividend_payer`;
CREATE TABLE IF NOT EXISTS `dividend_payer` (
  `id` bigint UNSIGNED NOT NULL AUTO_INCREMENT,
  `user_id` bigint UNSIGNED NOT NULL,
  `payer_name` varchar(255) CHARACTER SET utf8mb4 COLLATE utf8mb4_unicode_ci NOT NULL,
  `payer_address` varchar(255) CHARACTER SET utf8mb4 COLLATE utf8mb4_unicode_ci NOT NULL,
  `payer_country_code` char(2) CHARACTER SET utf8mb4 COLLATE utf8mb4_unicode_ci NOT NULL,
  `payer_si_tax_id` varchar(32) CHARACTER SET utf8mb4 COLLATE utf8mb4_unicode_ci DEFAULT NULL,
  `payer_foreign_tax_id` varchar(64) CHARACTER SET utf8mb4 COLLATE utf8mb4_unicode_ci DEFAULT NULL,
  `default_source_country_code` char(2) CHARACTER SET utf8mb4 COLLATE utf8mb4_unicode_ci DEFAULT NULL,
  `default_dividend_type_code` varchar(16) CHARACTER SET utf8mb4 COLLATE utf8mb4_unicode_ci DEFAULT NULL,
  `is_active` tinyint(1) NOT NULL DEFAULT '1',
  `created_at` datetime NOT NULL DEFAULT CURRENT_TIMESTAMP,
  `updated_at` datetime NOT NULL DEFAULT CURRENT_TIMESTAMP ON UPDATE CURRENT_TIMESTAMP,
  `created_by` bigint UNSIGNED DEFAULT NULL,
  `updated_by` bigint UNSIGNED DEFAULT NULL,
  PRIMARY KEY (`id`),
  KEY `idx_payer_user_name` (`user_id`,`payer_name`),
  KEY `fk_payer_created_by` (`created_by`),
  KEY `fk_payer_updated_by` (`updated_by`)
) ENGINE=InnoDB AUTO_INCREMENT=3 DEFAULT CHARSET=utf8mb4 COLLATE=utf8mb4_unicode_ci;

--
-- Dumping data for table `dividend_payer`
--

INSERT INTO `dividend_payer` (`id`, `user_id`, `payer_name`, `payer_address`, `payer_country_code`, `payer_si_tax_id`, `payer_foreign_tax_id`, `default_source_country_code`, `default_dividend_type_code`, `is_active`, `created_at`, `updated_at`, `created_by`, `updated_by`) VALUES
(1, 1, '3M CO', '3M Company 3M Center St. Paul, \r\nMN 55144-1000, \r\nUSA', 'US', NULL, NULL, 'US', 'DIV', 1, '2025-12-27 08:06:48', '2025-12-27 08:08:14', NULL, NULL),
(2, 1, 'NVIDIA CORP', '2788 San Tomas Express Way,\r\nSanta Clara,\r\nCA 95051', 'US', NULL, NULL, 'US', 'DIV', 1, '2025-12-31 16:48:54', '2025-12-31 16:48:54', NULL, NULL);

-- --------------------------------------------------------

--
-- Table structure for table `document`
--

DROP TABLE IF EXISTS `document`;
CREATE TABLE IF NOT EXISTS `document` (
  `id` bigint UNSIGNED NOT NULL AUTO_INCREMENT,
  `user_id` bigint UNSIGNED NOT NULL,
  `document_kind` enum('TRADES','DIVIDENDS','BUY_TRADES','SELL_TRADES','MIXED','OTHER') COLLATE utf8mb4_unicode_ci NOT NULL,
  `broker_code` varchar(50) COLLATE utf8mb4_unicode_ci DEFAULT NULL,
  `statement_period_from` date DEFAULT NULL,
  `statement_period_to` date DEFAULT NULL,
  `original_filename` varchar(255) COLLATE utf8mb4_unicode_ci NOT NULL,
  `mime_type` varchar(120) COLLATE utf8mb4_unicode_ci NOT NULL,
  `file_size_bytes` bigint UNSIGNED NOT NULL,
  `storage_disk` enum('LOCAL','S3') COLLATE utf8mb4_unicode_ci NOT NULL DEFAULT 'LOCAL',
  `storage_path` varchar(1024) COLLATE utf8mb4_unicode_ci NOT NULL,
  `sha256` char(64) COLLATE utf8mb4_unicode_ci NOT NULL,
  `parse_status` enum('UPLOADED','READY_FOR_REVIEW','PARTIALLY_REVIEWED','POSTED','ERROR') COLLATE utf8mb4_unicode_ci NOT NULL DEFAULT 'UPLOADED',
  `parse_error` varchar(1024) COLLATE utf8mb4_unicode_ci DEFAULT NULL,
  `extracted_data` json DEFAULT NULL,
  `extraction_notes` varchar(1024) COLLATE utf8mb4_unicode_ci DEFAULT NULL,
  `created_trade_ids` json DEFAULT NULL,
  `created_dividend_ids` json DEFAULT NULL,
  `notes` varchar(1024) COLLATE utf8mb4_unicode_ci DEFAULT NULL,
  `uploaded_at` datetime NOT NULL DEFAULT CURRENT_TIMESTAMP,
  `created_at` datetime NOT NULL DEFAULT CURRENT_TIMESTAMP,
  `updated_at` datetime DEFAULT NULL ON UPDATE CURRENT_TIMESTAMP,
  PRIMARY KEY (`id`),
  UNIQUE KEY `uniq_user_sha` (`user_id`,`sha256`),
  KEY `idx_user_kind` (`user_id`,`document_kind`,`uploaded_at`),
  KEY `idx_user_status` (`user_id`,`parse_status`)
) ENGINE=InnoDB AUTO_INCREMENT=10 DEFAULT CHARSET=utf8mb4 COLLATE=utf8mb4_unicode_ci;

--
-- Dumping data for table `document`
--

INSERT INTO `document` (`id`, `user_id`, `document_kind`, `broker_code`, `statement_period_from`, `statement_period_to`, `original_filename`, `mime_type`, `file_size_bytes`, `storage_disk`, `storage_path`, `sha256`, `parse_status`, `parse_error`, `extracted_data`, `extraction_notes`, `created_trade_ids`, `created_dividend_ids`, `notes`, `uploaded_at`, `created_at`, `updated_at`) VALUES
(5, 1, 'DIVIDENDS', NULL, NULL, NULL, 'Obracun dividend_76220_04.12.2025.pdf', 'application/pdf', 131877, 'LOCAL', 'documents/1/2026/01/cc2cb5c2909b955aa378c3af2b639adfb469e97733d9959264a97ce59b89d0a9_Obracun_dividend_76220_04.12.2025.pdf', 'cc2cb5c2909b955aa378c3af2b639adfb469e97733d9959264a97ce59b89d0a9', 'UPLOADED', NULL, NULL, NULL, NULL, NULL, NULL, '2026-01-01 08:22:52', '2026-01-01 08:22:52', NULL),
(6, 1, 'TRADES', NULL, NULL, NULL, 'Potrdilo o prejemu narocila_76220_29.12.2025.pdf', 'application/pdf', 130401, 'LOCAL', 'documents/1/2026/01/36c7503d34b1b2f29f4fa5ab8211277aab27c9243230845249fd1bfa653c6a8d_Potrdilo_o_prejemu_narocila_76220_29.12.2025.pdf', '36c7503d34b1b2f29f4fa5ab8211277aab27c9243230845249fd1bfa653c6a8d', 'UPLOADED', NULL, NULL, NULL, NULL, NULL, NULL, '2026-01-01 08:30:09', '2026-01-01 08:30:09', NULL),
(7, 1, 'TRADES', NULL, NULL, NULL, 'Informativni obracun_76220_29.12.2025.pdf', 'application/pdf', 130818, 'LOCAL', 'documents/1/2026/01/23d83c3d76bd3c83a3ae3e9262480f502b22d70624345b8e32aed69847a137e4_Informativni_obracun_76220_29.12.2025.pdf', '23d83c3d76bd3c83a3ae3e9262480f502b22d70624345b8e32aed69847a137e4', 'UPLOADED', NULL, NULL, NULL, NULL, NULL, NULL, '2026-01-01 08:30:22', '2026-01-01 08:30:22', NULL),
(9, 1, 'TRADES', NULL, NULL, NULL, 'Izpis obracuna_76220_29.12.2025.pdf', 'application/pdf', 134274, 'LOCAL', 'documents/1/2026/01/41b5004526252292c977621c5382b8d989309cb00d41f867f563812571fb1084_Izpis_obracuna_76220_29.12.2025.pdf', '41b5004526252292c977621c5382b8d989309cb00d41f867f563812571fb1084', 'UPLOADED', NULL, NULL, NULL, NULL, NULL, NULL, '2026-01-01 08:31:20', '2026-01-01 08:31:20', NULL);

-- --------------------------------------------------------

--
-- Table structure for table `instrument`
--

DROP TABLE IF EXISTS `instrument`;
CREATE TABLE IF NOT EXISTS `instrument` (
  `id` bigint UNSIGNED NOT NULL AUTO_INCREMENT,
  `isin` varchar(16) CHARACTER SET utf8mb4 COLLATE utf8mb4_unicode_ci DEFAULT NULL,
  `ticker` varchar(32) CHARACTER SET utf8mb4 COLLATE utf8mb4_unicode_ci DEFAULT NULL,
  `name` varchar(255) CHARACTER SET utf8mb4 COLLATE utf8mb4_unicode_ci NOT NULL,
  `instrument_type` enum('STOCK','ETF','ADR','BOND','OTHER') CHARACTER SET utf8mb4 COLLATE utf8mb4_unicode_ci NOT NULL DEFAULT 'STOCK',
  `country_code` char(2) CHARACTER SET utf8mb4 COLLATE utf8mb4_unicode_ci DEFAULT NULL,
  `trading_currency` char(3) CHARACTER SET utf8mb4 COLLATE utf8mb4_unicode_ci DEFAULT NULL,
  `dividend_payer_id` bigint UNSIGNED DEFAULT NULL,
  `created_at` datetime NOT NULL DEFAULT CURRENT_TIMESTAMP,
  `updated_at` datetime NOT NULL DEFAULT CURRENT_TIMESTAMP ON UPDATE CURRENT_TIMESTAMP,
  PRIMARY KEY (`id`),
  UNIQUE KEY `uk_instrument_isin` (`isin`),
  KEY `idx_instrument_ticker` (`ticker`),
  KEY `fk_instrument_dividend_payer` (`dividend_payer_id`)
) ENGINE=InnoDB AUTO_INCREMENT=23 DEFAULT CHARSET=utf8mb4 COLLATE=utf8mb4_unicode_ci;

--
-- Dumping data for table `instrument`
--

INSERT INTO `instrument` (`id`, `isin`, `ticker`, `name`, `instrument_type`, `country_code`, `trading_currency`, `dividend_payer_id`, `created_at`, `updated_at`) VALUES
(1, 'US0116591092', 'ALK', 'Alaska Air Group, Inc.', 'STOCK', 'US', 'USD', NULL, '2025-12-25 10:14:19', '2025-12-25 10:14:19'),
(2, 'US0079031078', 'AMD', 'Advanced Micro Devices, Inc.', 'STOCK', 'US', 'USD', NULL, '2025-12-25 11:04:46', '2025-12-25 11:04:46'),
(3, 'CA15101Q2071', 'CLS', 'Celestica Inc.', 'STOCK', 'CA', 'USD', NULL, '2025-12-25 11:05:36', '2025-12-25 11:05:36'),
(4, 'US12572Q1058', 'CME', 'CME Group Inc.', 'STOCK', 'US', 'USD', NULL, '2025-12-25 11:06:29', '2025-12-25 11:06:39'),
(5, 'KYG254571055', 'CRDO', 'Credo Technology Group Holding Ltd', 'STOCK', 'KY', 'USD', NULL, '2025-12-25 11:07:25', '2025-12-25 11:07:25'),
(6, 'US22788C1053', 'CRWD', 'CrowdStrike Holdings, Inc.', 'STOCK', 'US', 'USD', NULL, '2025-12-25 11:08:01', '2025-12-25 11:08:01'),
(7, 'US30161Q1040', 'EXEL', 'Exelixis, Inc.', 'STOCK', 'US', 'USD', NULL, '2025-12-25 11:10:33', '2025-12-25 11:10:33'),
(8, 'US3695501086', 'GD', 'General Dynamics Corporation', 'STOCK', 'US', 'USD', NULL, '2025-12-25 11:11:17', '2025-12-25 11:11:17'),
(9, 'US5024311095', 'LHX', 'L3Harris Technologies, Inc.', 'STOCK', 'US', 'USD', NULL, '2025-12-25 11:12:06', '2025-12-25 11:12:16'),
(10, 'US86333M1080', 'LRN', 'Stride, Inc.', 'STOCK', 'US', 'USD', NULL, '2025-12-25 11:12:55', '2025-12-25 11:12:55'),
(11, 'US88579Y1010', 'MMM', '3M Company', 'STOCK', 'US', 'USD', 1, '2025-12-25 11:13:51', '2025-12-28 20:55:44'),
(12, 'US58933Y1055', 'MRK', 'Merck & Co., Inc.', 'STOCK', 'US', 'USD', NULL, '2025-12-25 11:14:28', '2025-12-25 11:14:28'),
(13, 'US5951121038', 'MU', 'Micron Technology, Inc.', 'STOCK', 'US', 'USD', NULL, '2025-12-25 11:15:27', '2025-12-25 11:15:27'),
(14, 'US67066G1040', 'NVDA', 'NVIDIA Corporation', 'STOCK', 'US', 'USD', NULL, '2025-12-25 11:16:13', '2025-12-25 11:16:13'),
(15, 'US83444M1018', 'SOLV', 'Solventum Corporation', 'STOCK', 'US', 'USD', NULL, '2025-12-25 11:16:59', '2025-12-25 11:16:59'),
(16, 'US91680M1071', 'UPST', 'Upstart Holdings, Inc.', 'STOCK', 'US', 'USD', NULL, '2025-12-25 11:17:38', '2025-12-25 11:17:38'),
(17, 'US0378331005', 'AAPL', 'Apple Inc.', 'STOCK', 'US', 'USD', NULL, '2025-12-25 19:29:28', '2025-12-25 19:29:28'),
(18, 'US64829B1008', 'NEWR', 'New Relic Inc.', 'STOCK', 'US', 'USD', NULL, '2025-12-25 20:01:06', '2025-12-25 20:01:06'),
(19, 'US09609G1004', 'BLUE', 'bluebird bio, Inc.', 'STOCK', 'US', 'USD', NULL, '2025-12-25 20:23:41', '2025-12-25 20:23:41'),
(20, 'US57778K1051', 'MAXR', 'Maxar Technologies Inc.', 'STOCK', 'US', 'USD', NULL, '2025-12-25 20:53:20', '2025-12-25 20:53:20'),
(21, 'US9013841070', 'TSVT', '2Seventy Bio Inc', 'STOCK', 'US', 'USD', NULL, '2025-12-25 21:07:23', '2025-12-25 21:07:23');

-- --------------------------------------------------------

--
-- Table structure for table `instrument_price_daily`
--

DROP TABLE IF EXISTS `instrument_price_daily`;
CREATE TABLE IF NOT EXISTS `instrument_price_daily` (
  `id` bigint UNSIGNED NOT NULL AUTO_INCREMENT,
  `user_id` bigint UNSIGNED NOT NULL,
  `instrument_id` bigint UNSIGNED NOT NULL,
  `price_date` date NOT NULL,
  `open_price` decimal(18,6) DEFAULT NULL,
  `high_price` decimal(18,6) DEFAULT NULL,
  `low_price` decimal(18,6) DEFAULT NULL,
  `close_price` decimal(18,6) NOT NULL,
  `volume` bigint UNSIGNED DEFAULT NULL,
  `currency` char(3) CHARACTER SET utf8mb4 COLLATE utf8mb4_unicode_ci NOT NULL DEFAULT 'USD',
  `source` varchar(32) CHARACTER SET utf8mb4 COLLATE utf8mb4_unicode_ci NOT NULL DEFAULT 'twelvedata',
  `fetched_at` datetime NOT NULL DEFAULT CURRENT_TIMESTAMP,
  `created_at` datetime NOT NULL DEFAULT CURRENT_TIMESTAMP,
  `updated_at` datetime NOT NULL DEFAULT CURRENT_TIMESTAMP ON UPDATE CURRENT_TIMESTAMP,
  PRIMARY KEY (`id`),
  UNIQUE KEY `uniq_price_user_instr_date` (`user_id`,`instrument_id`,`price_date`),
  KEY `idx_price_user_date` (`user_id`,`price_date`),
  KEY `idx_price_user_instr` (`user_id`,`instrument_id`),
  KEY `fk_price_instr` (`instrument_id`)
) ENGINE=InnoDB AUTO_INCREMENT=456 DEFAULT CHARSET=utf8mb4 COLLATE=utf8mb4_unicode_ci;

--
-- Dumping data for table `instrument_price_daily`
--

INSERT INTO `instrument_price_daily` (`id`, `user_id`, `instrument_id`, `price_date`, `open_price`, `high_price`, `low_price`, `close_price`, `volume`, `currency`, `source`, `fetched_at`, `created_at`, `updated_at`) VALUES
(1, 1, 1, '2025-12-26', '51.300000', '51.740000', '51.099998', '51.490000', 1001200, 'USD', 'twelvedata', '2025-12-28 09:43:19', '2025-12-28 09:43:19', '2025-12-28 09:43:19'),
(2, 1, 1, '2025-12-24', '51.110000', '51.480000', '50.700000', '51.380000', 1255600, 'USD', 'twelvedata', '2025-12-28 09:43:19', '2025-12-28 09:43:19', '2025-12-28 09:43:19'),
(3, 1, 1, '2025-12-23', '53.360000', '53.360000', '51.110000', '51.180000', 2791900, 'USD', 'twelvedata', '2025-12-28 09:43:19', '2025-12-28 09:43:19', '2025-12-28 09:43:19'),
(4, 1, 1, '2025-12-22', '52.110000', '53.720000', '52.000000', '53.480000', 2178400, 'USD', 'twelvedata', '2025-12-28 09:43:19', '2025-12-28 09:43:19', '2025-12-28 09:43:19'),
(5, 1, 1, '2025-12-19', '52.190000', '52.570000', '50.910000', '52.000000', 3863300, 'USD', 'twelvedata', '2025-12-28 09:43:19', '2025-12-28 09:43:19', '2025-12-28 09:43:19'),
(6, 1, 2, '2025-12-26', '215.429990', '216.830000', '213.029999', '214.990010', 15792600, 'USD', 'twelvedata', '2026-01-01 06:52:15', '2025-12-28 09:43:27', '2026-01-01 06:52:15'),
(7, 1, 2, '2025-12-24', '214.980000', '216.539990', '213.970000', '215.039993', 7956800, 'USD', 'twelvedata', '2026-01-01 06:52:15', '2025-12-28 09:43:27', '2026-01-01 06:52:15'),
(8, 1, 2, '2025-12-23', '212.860000', '217.029999', '212.280000', '214.899990', 20272300, 'USD', 'twelvedata', '2025-12-30 16:38:08', '2025-12-28 09:43:27', '2025-12-30 16:38:08'),
(9, 1, 2, '2025-12-22', '220.000000', '220.170000', '213.310000', '214.950000', 24950700, 'USD', 'twelvedata', '2025-12-29 20:53:56', '2025-12-28 09:43:27', '2025-12-29 20:53:56'),
(10, 1, 2, '2025-12-19', '204.600010', '215.179990', '204.200000', '213.429990', 58445500, 'USD', 'twelvedata', '2025-12-28 09:43:27', '2025-12-28 09:43:27', '2025-12-28 09:43:27'),
(11, 1, 3, '2025-12-26', '311.609990', '311.609990', '302.250000', '303.560000', 998600, 'USD', 'twelvedata', '2026-01-01 06:52:23', '2025-12-28 09:43:35', '2026-01-01 06:52:23'),
(12, 1, 3, '2025-12-24', '304.010010', '312.609990', '302.149990', '308.590000', 649000, 'USD', 'twelvedata', '2026-01-01 06:52:23', '2025-12-28 09:43:35', '2026-01-01 06:52:23'),
(13, 1, 3, '2025-12-23', '302.299990', '309.739990', '301.700010', '303.459990', 1200000, 'USD', 'twelvedata', '2025-12-30 16:38:16', '2025-12-28 09:43:36', '2025-12-30 16:38:16'),
(14, 1, 3, '2025-12-22', '301.620000', '306.859990', '293.600010', '306.859990', 1961000, 'USD', 'twelvedata', '2025-12-29 20:54:04', '2025-12-28 09:43:36', '2025-12-29 20:54:04'),
(15, 1, 3, '2025-12-19', '275.350010', '293.870000', '274.450010', '292.290010', 3770400, 'USD', 'twelvedata', '2025-12-28 09:43:36', '2025-12-28 09:43:36', '2025-12-28 09:43:36'),
(16, 1, 4, '2025-12-26', '276.560000', '277.640010', '276.000000', '276.730010', 545900, 'USD', 'twelvedata', '2026-01-01 06:52:31', '2025-12-28 09:43:44', '2026-01-01 06:52:31'),
(17, 1, 4, '2025-12-24', '274.989990', '277.000000', '274.989990', '276.380000', 580000, 'USD', 'twelvedata', '2026-01-01 06:52:31', '2025-12-28 09:43:44', '2026-01-01 06:52:31'),
(18, 1, 4, '2025-12-23', '272.530000', '275.810000', '271.010010', '275.530000', 766100, 'USD', 'twelvedata', '2025-12-30 16:38:25', '2025-12-28 09:43:44', '2025-12-30 16:38:25'),
(19, 1, 4, '2025-12-22', '268.500000', '273.280000', '267.950010', '273.200010', 1240300, 'USD', 'twelvedata', '2025-12-29 20:54:12', '2025-12-28 09:43:44', '2025-12-29 20:54:12'),
(20, 1, 4, '2025-12-19', '265.359990', '270.440000', '265.170010', '269.089996', 4349900, 'USD', 'twelvedata', '2025-12-28 09:43:44', '2025-12-28 09:43:44', '2025-12-28 09:43:44'),
(21, 1, 5, '2025-12-26', '152.220000', '152.300000', '144.660000', '144.830000', 2727500, 'USD', 'twelvedata', '2026-01-01 06:52:40', '2025-12-28 09:43:52', '2026-01-01 06:52:40'),
(22, 1, 5, '2025-12-24', '147.000000', '151.899990', '146.909000', '150.190000', 1956400, 'USD', 'twelvedata', '2026-01-01 06:52:40', '2025-12-28 09:43:52', '2026-01-01 06:52:40'),
(23, 1, 5, '2025-12-23', '146.690000', '150.190000', '143.120000', '147.810000', 3091900, 'USD', 'twelvedata', '2025-12-30 16:38:33', '2025-12-28 09:43:52', '2025-12-30 16:38:33'),
(24, 1, 5, '2025-12-22', '155.720000', '156.089996', '148.340000', '149.940000', 5094100, 'USD', 'twelvedata', '2025-12-29 20:54:20', '2025-12-28 09:43:52', '2025-12-29 20:54:20'),
(25, 1, 5, '2025-12-19', '142.960010', '151.420000', '141.089996', '150.130000', 9664800, 'USD', 'twelvedata', '2025-12-28 09:43:52', '2025-12-28 09:43:52', '2025-12-28 09:43:52'),
(26, 1, 6, '2025-12-26', '477.000000', '482.155000', '475.149990', '481.190000', 1150700, 'USD', 'twelvedata', '2026-01-01 06:52:48', '2025-12-28 09:44:00', '2026-01-01 06:52:48'),
(27, 1, 6, '2025-12-24', '476.829990', '478.000000', '470.674010', '477.109990', 745100, 'USD', 'twelvedata', '2026-01-01 06:52:48', '2025-12-28 09:44:00', '2026-01-01 06:52:48'),
(28, 1, 6, '2025-12-23', '482.489990', '483.590000', '473.500000', '478.840000', 2053000, 'USD', 'twelvedata', '2025-12-30 16:38:41', '2025-12-28 09:44:00', '2025-12-30 16:38:41'),
(29, 1, 6, '2025-12-22', '479.780000', '485.870000', '474.850010', '483.140010', 2303300, 'USD', 'twelvedata', '2025-12-29 20:54:29', '2025-12-28 09:44:00', '2025-12-29 20:54:29'),
(30, 1, 6, '2025-12-19', '480.000000', '489.204990', '478.630000', '481.280000', 4662700, 'USD', 'twelvedata', '2025-12-28 09:44:00', '2025-12-28 09:44:00', '2025-12-28 09:44:00'),
(31, 1, 7, '2025-12-26', '46.560000', '46.940000', '45.960000', '46.240000', 1537800, 'USD', 'twelvedata', '2026-01-01 06:52:56', '2025-12-28 09:44:09', '2026-01-01 06:52:56'),
(32, 1, 7, '2025-12-24', '46.800000', '47.000000', '46.320000', '46.510000', 1079600, 'USD', 'twelvedata', '2026-01-01 06:52:56', '2025-12-28 09:44:09', '2026-01-01 06:52:56'),
(33, 1, 7, '2025-12-23', '46.760000', '47.240000', '45.960000', '46.610000', 3055600, 'USD', 'twelvedata', '2025-12-30 16:38:50', '2025-12-28 09:44:09', '2025-12-30 16:38:50'),
(34, 1, 7, '2025-12-22', '44.250000', '46.250000', '44.099998', '46.190000', 3017800, 'USD', 'twelvedata', '2025-12-29 20:54:37', '2025-12-28 09:44:09', '2025-12-29 20:54:37'),
(35, 1, 7, '2025-12-19', '42.760000', '44.550000', '42.670000', '44.300000', 5242400, 'USD', 'twelvedata', '2025-12-28 09:44:09', '2025-12-28 09:44:09', '2025-12-28 09:44:09'),
(36, 1, 8, '2025-12-26', '344.870000', '346.070007', '341.429990', '342.200010', 464500, 'USD', 'twelvedata', '2026-01-01 06:53:04', '2025-12-28 09:44:17', '2026-01-01 06:53:04'),
(37, 1, 8, '2025-12-24', '343.530000', '346.269990', '343.510010', '345.390010', 314000, 'USD', 'twelvedata', '2026-01-01 06:53:04', '2025-12-28 09:44:17', '2026-01-01 06:53:04'),
(38, 1, 8, '2025-12-23', '345.670010', '347.440000', '343.179990', '343.840000', 1246800, 'USD', 'twelvedata', '2025-12-30 16:38:58', '2025-12-28 09:44:17', '2025-12-30 16:38:58'),
(39, 1, 8, '2025-12-22', '338.870000', '345.670010', '337.440000', '345.190000', 1197900, 'USD', 'twelvedata', '2025-12-29 20:54:45', '2025-12-28 09:44:17', '2025-12-29 20:54:45'),
(40, 1, 8, '2025-12-19', '337.870000', '341.420010', '337.000000', '339.359990', 2663400, 'USD', 'twelvedata', '2025-12-28 09:44:17', '2025-12-28 09:44:17', '2025-12-28 09:44:17'),
(41, 1, 9, '2025-12-26', '297.810000', '298.970000', '295.320010', '296.769990', 466300, 'USD', 'twelvedata', '2026-01-01 06:53:13', '2025-12-28 09:44:25', '2026-01-01 06:53:13'),
(42, 1, 9, '2025-12-24', '297.820010', '299.829990', '297.820010', '298.140010', 363300, 'USD', 'twelvedata', '2026-01-01 06:53:13', '2025-12-28 09:44:25', '2026-01-01 06:53:13'),
(43, 1, 9, '2025-12-23', '295.480010', '298.780000', '294.440000', '297.829990', 1051500, 'USD', 'twelvedata', '2025-12-30 16:39:06', '2025-12-28 09:44:25', '2025-12-30 16:39:06'),
(44, 1, 9, '2025-12-22', '288.149990', '295.209990', '287.450010', '295.100010', 919100, 'USD', 'twelvedata', '2025-12-29 20:54:53', '2025-12-28 09:44:25', '2025-12-29 20:54:53'),
(45, 1, 9, '2025-12-19', '283.799990', '289.709990', '283.549990', '287.450010', 1487700, 'USD', 'twelvedata', '2025-12-28 09:44:25', '2025-12-28 09:44:25', '2025-12-28 09:44:25'),
(46, 1, 10, '2025-12-26', '65.840000', '66.460000', '65.400000', '66.210000', 496800, 'USD', 'twelvedata', '2026-01-01 06:53:21', '2025-12-28 09:44:34', '2026-01-01 06:53:21'),
(47, 1, 10, '2025-12-24', '65.220000', '66.260000', '65.130000', '65.950000', 402400, 'USD', 'twelvedata', '2026-01-01 06:53:21', '2025-12-28 09:44:34', '2026-01-01 06:53:21'),
(48, 1, 10, '2025-12-23', '66.490000', '66.780000', '65.000000', '65.450000', 1748700, 'USD', 'twelvedata', '2025-12-30 16:39:15', '2025-12-28 09:44:34', '2025-12-30 16:39:15'),
(49, 1, 10, '2025-12-22', '65.840000', '66.410000', '65.240000', '66.200000', 702900, 'USD', 'twelvedata', '2025-12-29 20:55:02', '2025-12-28 09:44:34', '2025-12-29 20:55:02'),
(50, 1, 10, '2025-12-19', '65.650000', '67.810000', '65.490000', '66.080002', 2348100, 'USD', 'twelvedata', '2025-12-28 09:44:34', '2025-12-28 09:44:34', '2025-12-28 09:44:34'),
(51, 1, 11, '2025-12-26', '160.320010', '162.179990', '160.000000', '162.080002', 1245700, 'USD', 'twelvedata', '2026-01-01 06:53:29', '2025-12-28 09:44:42', '2026-01-01 06:53:29'),
(52, 1, 11, '2025-12-24', '160.110000', '160.679990', '159.070007', '160.340000', 854400, 'USD', 'twelvedata', '2026-01-01 06:53:29', '2025-12-28 09:44:42', '2026-01-01 06:53:29'),
(53, 1, 11, '2025-12-23', '159.980000', '160.490010', '158.450000', '160.149990', 1828900, 'USD', 'twelvedata', '2025-12-30 16:39:23', '2025-12-28 09:44:42', '2025-12-30 16:39:23'),
(54, 1, 11, '2025-12-22', '162.179990', '162.640000', '159.070007', '160.000000', 2334600, 'USD', 'twelvedata', '2025-12-29 20:55:12', '2025-12-28 09:44:42', '2025-12-29 20:55:12'),
(55, 1, 11, '2025-12-19', '161.679990', '163.940000', '161.679990', '161.960010', 3715700, 'USD', 'twelvedata', '2025-12-28 09:44:42', '2025-12-28 09:44:42', '2025-12-28 09:44:42'),
(56, 1, 12, '2025-12-26', '106.450000', '107.050003', '106.029999', '106.780000', 6280700, 'USD', 'twelvedata', '2026-01-01 06:53:37', '2025-12-28 09:44:50', '2026-01-01 06:53:37'),
(57, 1, 12, '2025-12-24', '105.370000', '106.950000', '105.280000', '106.450000', 5335000, 'USD', 'twelvedata', '2026-01-01 06:53:37', '2025-12-28 09:44:50', '2026-01-01 06:53:37'),
(58, 1, 12, '2025-12-23', '104.560000', '105.390000', '104.330000', '105.040001', 13587500, 'USD', 'twelvedata', '2025-12-30 16:39:31', '2025-12-28 09:44:50', '2025-12-30 16:39:31'),
(59, 1, 12, '2025-12-22', '100.630000', '104.950000', '100.400000', '104.720000', 17136200, 'USD', 'twelvedata', '2025-12-29 20:55:21', '2025-12-28 09:44:50', '2025-12-29 20:55:21'),
(60, 1, 12, '2025-12-19', '100.600000', '102.200000', '100.110000', '101.089996', 44980200, 'USD', 'twelvedata', '2025-12-28 09:44:50', '2025-12-28 09:44:50', '2025-12-28 09:44:50'),
(61, 1, 13, '2025-12-26', '290.840000', '290.870000', '283.420010', '284.790010', 17878500, 'USD', 'twelvedata', '2026-01-01 06:53:46', '2025-12-28 09:44:58', '2026-01-01 06:53:46'),
(62, 1, 13, '2025-12-24', '278.000000', '289.299990', '277.250000', '286.679990', 18592600, 'USD', 'twelvedata', '2026-01-01 06:53:46', '2025-12-28 09:44:58', '2026-01-01 06:53:46'),
(63, 1, 13, '2025-12-23', '275.920010', '281.859990', '272.320010', '276.269990', 20767600, 'USD', 'twelvedata', '2025-12-30 16:39:39', '2025-12-28 09:44:58', '2025-12-30 16:39:39'),
(64, 1, 13, '2025-12-22', '277.149990', '279.989990', '268.290010', '276.590000', 30961900, 'USD', 'twelvedata', '2025-12-29 20:55:29', '2025-12-28 09:44:58', '2025-12-29 20:55:29'),
(65, 1, 13, '2025-12-19', '251.750000', '268.380000', '251.750000', '265.920010', 62312100, 'USD', 'twelvedata', '2025-12-28 09:44:58', '2025-12-28 09:44:58', '2025-12-28 09:44:58'),
(66, 1, 14, '2025-12-26', '189.920000', '192.690000', '188.000000', '190.530000', 139740300, 'USD', 'twelvedata', '2026-01-01 06:53:54', '2025-12-28 09:45:07', '2026-01-01 06:53:54'),
(67, 1, 14, '2025-12-24', '187.940000', '188.910000', '186.590000', '188.610000', 65528500, 'USD', 'twelvedata', '2026-01-01 06:53:54', '2025-12-28 09:45:07', '2026-01-01 06:53:54'),
(68, 1, 14, '2025-12-23', '182.970000', '189.330000', '182.899990', '189.210010', 174873600, 'USD', 'twelvedata', '2025-12-30 16:39:48', '2025-12-28 09:45:07', '2025-12-30 16:39:48'),
(69, 1, 14, '2025-12-22', '183.920000', '184.160000', '182.350010', '183.690000', 129064400, 'USD', 'twelvedata', '2025-12-29 20:55:37', '2025-12-28 09:45:07', '2025-12-29 20:55:37'),
(70, 1, 14, '2025-12-19', '176.670000', '181.450000', '176.340000', '180.990010', 324925900, 'USD', 'twelvedata', '2025-12-28 09:45:07', '2025-12-28 09:45:07', '2025-12-28 09:45:07'),
(71, 1, 15, '2025-12-26', '80.250000', '80.560000', '79.862000', '80.460000', 502400, 'USD', 'twelvedata', '2026-01-01 06:54:02', '2025-12-28 09:45:15', '2026-01-01 06:54:02'),
(72, 1, 15, '2025-12-24', '80.460000', '80.700000', '80.010002', '80.180000', 398100, 'USD', 'twelvedata', '2026-01-01 06:54:02', '2025-12-28 09:45:15', '2026-01-01 06:54:02'),
(73, 1, 15, '2025-12-23', '80.860000', '80.990000', '80.255000', '80.550000', 752800, 'USD', 'twelvedata', '2025-12-30 16:39:56', '2025-12-28 09:45:15', '2025-12-30 16:39:56'),
(74, 1, 15, '2025-12-22', '81.280000', '81.586000', '80.540000', '80.780000', 801500, 'USD', 'twelvedata', '2025-12-29 20:55:45', '2025-12-28 09:45:15', '2025-12-29 20:55:45'),
(75, 1, 15, '2025-12-19', '80.800000', '81.680000', '80.540000', '81.590000', 3276500, 'USD', 'twelvedata', '2025-12-28 09:45:15', '2025-12-28 09:45:15', '2025-12-28 09:45:15'),
(76, 1, 16, '2025-12-26', '48.000000', '48.870000', '47.120000', '47.470000', 4088100, 'USD', 'twelvedata', '2026-01-01 06:54:10', '2025-12-28 09:45:24', '2026-01-01 06:54:10'),
(77, 1, 16, '2025-12-24', '48.440000', '48.945000', '47.600000', '48.220000', 3063400, 'USD', 'twelvedata', '2026-01-01 06:54:10', '2025-12-28 09:45:24', '2026-01-01 06:54:10'),
(78, 1, 16, '2025-12-23', '48.870000', '49.760000', '47.700000', '48.905000', 5737000, 'USD', 'twelvedata', '2025-12-30 16:40:04', '2025-12-28 09:45:24', '2025-12-30 16:40:04'),
(79, 1, 16, '2025-12-22', '47.900000', '49.300000', '47.590000', '48.770000', 5673800, 'USD', 'twelvedata', '2025-12-29 20:55:54', '2025-12-28 09:45:24', '2025-12-29 20:55:54'),
(80, 1, 16, '2025-12-19', '47.860000', '48.920000', '47.029999', '47.590000', 4279400, 'USD', 'twelvedata', '2025-12-28 09:45:24', '2025-12-28 09:45:24', '2025-12-28 09:45:24'),
(81, 1, 2, '2025-12-29', '211.580000', '216.050003', '209.240010', '215.610000', 20326900, 'USD', 'twelvedata', '2026-01-01 06:52:15', '2025-12-29 17:09:17', '2026-01-01 06:52:15'),
(86, 1, 3, '2025-12-29', '296.000000', '308.530000', '293.079987', '303.220000', 1541100, 'USD', 'twelvedata', '2026-01-01 06:52:23', '2025-12-29 17:09:25', '2026-01-01 06:52:23'),
(91, 1, 4, '2025-12-29', '277.429990', '278.549990', '276.620000', '278.420010', 951000, 'USD', 'twelvedata', '2026-01-01 06:52:31', '2025-12-29 17:09:34', '2026-01-01 06:52:31'),
(96, 1, 5, '2025-12-29', '141.330000', '145.179990', '139.880000', '144.700000', 2828700, 'USD', 'twelvedata', '2026-01-01 06:52:40', '2025-12-29 17:09:42', '2026-01-01 06:52:40'),
(101, 1, 6, '2025-12-29', '478.295010', '483.290010', '474.634000', '475.910000', 1314600, 'USD', 'twelvedata', '2026-01-01 06:52:48', '2025-12-29 17:09:50', '2026-01-01 06:52:48'),
(106, 1, 7, '2025-12-29', '45.950000', '46.290000', '45.300000', '45.370000', 1825200, 'USD', 'twelvedata', '2026-01-01 06:52:56', '2025-12-29 17:09:58', '2026-01-01 06:52:56'),
(111, 1, 8, '2025-12-29', '341.940000', '343.730010', '340.350010', '340.480010', 783200, 'USD', 'twelvedata', '2026-01-01 06:53:04', '2025-12-29 17:10:08', '2026-01-01 06:53:04'),
(116, 1, 9, '2025-12-29', '296.769990', '298.040009', '295.370000', '295.929990', 417200, 'USD', 'twelvedata', '2026-01-01 06:53:13', '2025-12-29 17:10:16', '2026-01-01 06:53:13'),
(121, 1, 10, '2025-12-29', '66.270000', '66.640000', '65.290000', '66.590000', 771800, 'USD', 'twelvedata', '2026-01-01 06:53:21', '2025-12-29 17:10:24', '2026-01-01 06:53:21'),
(126, 1, 11, '2025-12-29', '161.870000', '162.700000', '160.820010', '161.720000', 2185100, 'USD', 'twelvedata', '2026-01-01 06:53:29', '2025-12-29 17:10:33', '2026-01-01 06:53:29'),
(131, 1, 12, '2025-12-29', '106.850000', '107.590000', '106.430000', '106.620000', 8086900, 'USD', 'twelvedata', '2026-01-01 06:53:37', '2025-12-29 17:10:41', '2026-01-01 06:53:37'),
(136, 1, 13, '2025-12-29', '280.329990', '294.500000', '278.500000', '294.370000', 26642900, 'USD', 'twelvedata', '2026-01-01 06:53:46', '2025-12-29 17:10:49', '2026-01-01 06:53:46'),
(141, 1, 14, '2025-12-29', '187.710010', '188.759990', '185.910000', '188.220000', 120006100, 'USD', 'twelvedata', '2026-01-01 06:53:54', '2025-12-29 17:10:57', '2026-01-01 06:53:54'),
(146, 1, 15, '2025-12-29', '80.520000', '80.970000', '79.990000', '80.089996', 575200, 'USD', 'twelvedata', '2026-01-01 06:54:02', '2025-12-29 17:11:06', '2026-01-01 06:54:02'),
(151, 1, 16, '2025-12-29', '46.430000', '47.715000', '46.310000', '46.570000', 5988400, 'USD', 'twelvedata', '2026-01-01 06:54:10', '2025-12-29 17:11:14', '2026-01-01 06:54:10'),
(231, 1, 2, '2025-12-30', '215.870000', '216.820010', '214.330000', '215.340000', 16409600, 'USD', 'twelvedata', '2026-01-01 06:52:15', '2025-12-30 16:38:08', '2026-01-01 06:52:15'),
(236, 1, 3, '2025-12-30', '303.250000', '306.940000', '299.100010', '299.399990', 1120500, 'USD', 'twelvedata', '2026-01-01 06:52:23', '2025-12-30 16:38:16', '2026-01-01 06:52:23'),
(241, 1, 4, '2025-12-30', '278.220000', '278.579990', '275.690000', '275.829990', 1345500, 'USD', 'twelvedata', '2026-01-01 06:52:31', '2025-12-30 16:38:25', '2026-01-01 06:52:31'),
(246, 1, 5, '2025-12-30', '144.429990', '147.720000', '142.300000', '144.920000', 2182700, 'USD', 'twelvedata', '2026-01-01 06:52:40', '2025-12-30 16:38:33', '2026-01-01 06:52:40'),
(251, 1, 6, '2025-12-30', '476.000000', '478.120000', '472.237000', '475.630000', 1168100, 'USD', 'twelvedata', '2026-01-01 06:52:48', '2025-12-30 16:38:41', '2026-01-01 06:52:48'),
(256, 1, 7, '2025-12-30', '45.190000', '45.410000', '44.020000', '44.040001', 1814200, 'USD', 'twelvedata', '2026-01-01 06:52:56', '2025-12-30 16:38:50', '2026-01-01 06:52:56'),
(261, 1, 8, '2025-12-30', '340.380000', '341.000000', '339.209990', '339.470000', 662500, 'USD', 'twelvedata', '2026-01-01 06:53:04', '2025-12-30 16:38:58', '2026-01-01 06:53:04'),
(266, 1, 9, '2025-12-30', '296.299990', '296.570010', '295.000000', '295.470000', 416200, 'USD', 'twelvedata', '2026-01-01 06:53:13', '2025-12-30 16:39:06', '2026-01-01 06:53:13'),
(271, 1, 10, '2025-12-30', '66.370000', '66.650000', '65.500000', '65.510000', 856700, 'USD', 'twelvedata', '2026-01-01 06:53:21', '2025-12-30 16:39:15', '2026-01-01 06:53:21'),
(276, 1, 11, '2025-12-30', '161.480000', '161.679990', '160.640000', '161.170000', 1293600, 'USD', 'twelvedata', '2026-01-01 06:53:29', '2025-12-30 16:39:23', '2026-01-01 06:53:29'),
(281, 1, 12, '2025-12-30', '106.730000', '106.880000', '105.640000', '106.059998', 6497900, 'USD', 'twelvedata', '2026-01-01 06:53:37', '2025-12-30 16:39:31', '2026-01-01 06:53:37'),
(286, 1, 13, '2025-12-30', '294.700010', '298.829990', '292.010010', '292.630000', 23056400, 'USD', 'twelvedata', '2026-01-01 06:53:46', '2025-12-30 16:39:39', '2026-01-01 06:53:46'),
(291, 1, 14, '2025-12-30', '188.240010', '188.990010', '186.929990', '187.539990', 97687300, 'USD', 'twelvedata', '2026-01-01 06:53:54', '2025-12-30 16:39:48', '2026-01-01 06:53:54'),
(296, 1, 15, '2025-12-30', '79.910000', '80.620000', '79.500000', '80.160000', 497800, 'USD', 'twelvedata', '2026-01-01 06:54:02', '2025-12-30 16:39:56', '2026-01-01 06:54:02'),
(301, 1, 16, '2025-12-30', '46.440000', '46.450000', '44.940000', '44.960000', 3610800, 'USD', 'twelvedata', '2026-01-01 06:54:10', '2025-12-30 16:40:04', '2026-01-01 06:54:10'),
(306, 1, 2, '2025-12-31', '215.820010', '217.640000', '213.800000', '214.160000', 17554200, 'USD', 'twelvedata', '2026-01-01 06:52:15', '2025-12-31 16:20:09', '2026-01-01 06:52:15'),
(311, 1, 3, '2025-12-31', '299.399990', '304.010010', '295.280000', '295.609990', 1164900, 'USD', 'twelvedata', '2026-01-01 06:52:23', '2025-12-31 16:20:17', '2026-01-01 06:52:23'),
(316, 1, 4, '2025-12-31', '275.700010', '276.019989', '272.890010', '273.079987', 958700, 'USD', 'twelvedata', '2026-01-01 06:52:31', '2025-12-31 16:20:26', '2026-01-01 06:52:31'),
(321, 1, 5, '2025-12-31', '144.200000', '146.300000', '143.089996', '143.890000', 2520400, 'USD', 'twelvedata', '2026-01-01 06:52:40', '2025-12-31 16:20:34', '2026-01-01 06:52:40'),
(326, 1, 6, '2025-12-31', '475.980010', '476.059998', '468.399990', '468.760010', 1658900, 'USD', 'twelvedata', '2026-01-01 06:52:48', '2025-12-31 16:20:42', '2026-01-01 06:52:48'),
(331, 1, 7, '2025-12-31', '43.940000', '44.220000', '43.500000', '43.830000', 1757000, 'USD', 'twelvedata', '2026-01-01 06:52:56', '2025-12-31 16:20:50', '2026-01-01 06:52:56'),
(336, 1, 8, '2025-12-31', '340.070007', '340.989990', '336.480010', '336.660000', 522900, 'USD', 'twelvedata', '2026-01-01 06:53:04', '2025-12-31 16:20:59', '2026-01-01 06:53:04'),
(341, 1, 9, '2025-12-31', '295.429990', '296.429990', '293.510010', '293.570010', 522900, 'USD', 'twelvedata', '2026-01-01 06:53:13', '2025-12-31 16:21:07', '2026-01-01 06:53:13'),
(346, 1, 10, '2025-12-31', '65.280000', '65.470000', '64.860000', '64.930000', 640100, 'USD', 'twelvedata', '2026-01-01 06:53:21', '2025-12-31 16:21:15', '2026-01-01 06:53:21'),
(351, 1, 11, '2025-12-31', '161.170000', '161.340000', '160.039993', '160.100010', 1201700, 'USD', 'twelvedata', '2026-01-01 06:53:29', '2025-12-31 16:21:23', '2026-01-01 06:53:29'),
(356, 1, 12, '2025-12-31', '105.940000', '106.099998', '104.990000', '105.260000', 7556600, 'USD', 'twelvedata', '2026-01-01 06:53:37', '2025-12-31 16:21:32', '2026-01-01 06:53:37'),
(361, 1, 13, '2025-12-31', '293.170010', '293.170010', '284.179990', '285.410000', 17530200, 'USD', 'twelvedata', '2026-01-01 06:53:46', '2025-12-31 16:21:40', '2026-01-01 06:53:46'),
(366, 1, 14, '2025-12-31', '189.570010', '190.560000', '186.490010', '186.500000', 119731600, 'USD', 'twelvedata', '2026-01-01 06:53:54', '2025-12-31 16:21:48', '2026-01-01 06:53:54'),
(371, 1, 15, '2025-12-31', '80.089996', '80.320000', '79.150000', '79.240000', 598500, 'USD', 'twelvedata', '2026-01-01 06:54:02', '2025-12-31 16:21:56', '2026-01-01 06:54:02'),
(376, 1, 16, '2025-12-31', '44.845000', '45.049999', '43.660000', '43.730000', 3856600, 'USD', 'twelvedata', '2026-01-01 06:54:10', '2025-12-31 16:22:05', '2026-01-01 06:54:10');

-- --------------------------------------------------------

--
-- Table structure for table `instrument_price_latest`
--

DROP TABLE IF EXISTS `instrument_price_latest`;
CREATE TABLE IF NOT EXISTS `instrument_price_latest` (
  `id` bigint UNSIGNED NOT NULL AUTO_INCREMENT,
  `user_id` bigint UNSIGNED NOT NULL,
  `instrument_id` bigint UNSIGNED NOT NULL,
  `price` decimal(18,6) NOT NULL,
  `currency` char(3) CHARACTER SET utf8mb4 COLLATE utf8mb4_unicode_ci NOT NULL DEFAULT 'USD',
  `source` varchar(32) CHARACTER SET utf8mb4 COLLATE utf8mb4_unicode_ci NOT NULL DEFAULT 'twelvedata',
  `fetched_at` datetime NOT NULL DEFAULT CURRENT_TIMESTAMP,
  `created_at` datetime NOT NULL DEFAULT CURRENT_TIMESTAMP,
  `updated_at` datetime NOT NULL DEFAULT CURRENT_TIMESTAMP ON UPDATE CURRENT_TIMESTAMP,
  PRIMARY KEY (`id`),
  UNIQUE KEY `uniq_latest_user_instr` (`user_id`,`instrument_id`),
  KEY `idx_latest_user` (`user_id`),
  KEY `fk_latest_instr` (`instrument_id`)
) ENGINE=InnoDB DEFAULT CHARSET=utf8mb4 COLLATE=utf8mb4_unicode_ci;

-- --------------------------------------------------------

--
-- Table structure for table `news_article`
--

DROP TABLE IF EXISTS `news_article`;
CREATE TABLE IF NOT EXISTS `news_article` (
  `id` bigint UNSIGNED NOT NULL AUTO_INCREMENT,
  `source` varchar(64) COLLATE utf8mb4_unicode_ci NOT NULL,
  `url` text COLLATE utf8mb4_unicode_ci NOT NULL,
  `url_hash` binary(32) NOT NULL,
  `title` varchar(512) COLLATE utf8mb4_unicode_ci NOT NULL,
  `published_at` datetime DEFAULT NULL,
  `captured_at` datetime NOT NULL,
  `created_at` datetime NOT NULL DEFAULT CURRENT_TIMESTAMP,
  `author_name` varchar(255) COLLATE utf8mb4_unicode_ci DEFAULT NULL,
  `author_url` text COLLATE utf8mb4_unicode_ci,
  `author_followers` int UNSIGNED DEFAULT NULL,
  `sentiment` enum('bullish','bearish','neutral','mixed') COLLATE utf8mb4_unicode_ci NOT NULL,
  `confidence` tinyint UNSIGNED NOT NULL,
  `read_grade` tinyint UNSIGNED NOT NULL,
  `tickers` json NOT NULL,
  `drivers` json NOT NULL,
  `key_dates` json NOT NULL,
  `tags` json NOT NULL,
  `recap` text COLLATE utf8mb4_unicode_ci NOT NULL,
  `raw_json` json NOT NULL,
  PRIMARY KEY (`id`),
  UNIQUE KEY `uq_source_urlhash` (`source`,`url_hash`),
  KEY `idx_sentiment` (`sentiment`),
  KEY `idx_read_grade` (`read_grade`),
  KEY `idx_published_at` (`published_at`),
  KEY `idx_author_name` (`author_name`)
) ENGINE=InnoDB AUTO_INCREMENT=28 DEFAULT CHARSET=utf8mb4 COLLATE=utf8mb4_unicode_ci;

--
-- Dumping data for table `news_article`
--

INSERT INTO `news_article` (`id`, `source`, `url`, `url_hash`, `title`, `published_at`, `captured_at`, `created_at`, `author_name`, `author_url`, `author_followers`, `sentiment`, `confidence`, `read_grade`, `tickers`, `drivers`, `key_dates`, `tags`, `recap`, `raw_json`) VALUES
(1, 'seeking_alpha', 'https://seekingalpha.com/news/4535609-cathie-wood-invests-heavily-in-gene-editing-companies-offloads-30-million-worth-tesla-stock', 0xc50e3402ea3156b2f8500cf6ddc40a5550ae5cae8dbdfb11934bdb548044a48e, 'Cathie Wood invests heavily in gene-editing companies, offloads $30 million worth Tesla stock', '2025-12-29 08:15:02', '2025-12-29 16:03:21', '2025-12-29 17:27:41', 'Chris Lau', 'https://seekingalpha.com/author/chris-lau', NULL, 'mixed', 63, 3, '[\"ARKK\", \"ARKG\", \"ARKW\", \"ARKF\", \"ARKX\", \"ARKB\", \"ARKQ\"]', '[{\"title\": \"Large PACB accumulation\", \"detail\": \"Ark funds made a sizable purchase of Pacific Biosciences shares across ARKK and ARKG, reinforcing conviction in the genomics theme.\", \"evidence\": [\"combined ~1.13M shares were purchased through the ARKK (ARKK) and ARKG (ARKG) ETFs\", \"Ark funds added Pacific Biosciences of California (PACB)\"], \"direction\": \"bullish\", \"impact_score\": 3}, {\"title\": \"Gene-editing exposure expanded\", \"detail\": \"Additional buys in Beam Therapeutics and Twist Bioscience highlight continued allocation toward gene-editing and genomics companies.\", \"evidence\": [\"Other smaller additions included Beam Therapeutics (BEAM) and Twist Bioscience (TWST)\", \"increased exposure to gene-editing names\"], \"direction\": \"bullish\", \"impact_score\": 2}, {\"title\": \"Robotaxi investment added\", \"detail\": \"ARKQ increased exposure to autonomous mobility through a large purchase of WeRide shares.\", \"evidence\": [\"ARKQ (ARKQ) bought ~979K shares of robotaxi developer WeRide (WRD)\", \"In autonomous mobility segment\"], \"direction\": \"bullish\", \"impact_score\": 2}, {\"title\": \"Aerospace and defense buys\", \"detail\": \"ARKX added Archer Aviation and AeroVironment, expanding exposure to aerospace and defense-adjacent technologies.\", \"evidence\": [\"ARKX, the space-focused fund, acquired ~447K shares of Archer Aviation (ACHR)\", \"19,248 in AeroVironment (AVAV)\"], \"direction\": \"bullish\", \"impact_score\": 1}, {\"title\": \"Oklo nuclear exposure\", \"detail\": \"Ark increased its stake in Oklo, a nuclear microreactor company tied to future AI and defense power needs.\", \"evidence\": [\"Ark also added ~107K shares of Oklo (OKLO)\", \"focused on next-generation power solutions for AI and defense computing\"], \"direction\": \"bullish\", \"impact_score\": 1}, {\"title\": \"Tesla position trimmed\", \"detail\": \"Ark reduced its Tesla holdings by selling shares worth about $30 million across multiple ETFs.\", \"evidence\": [\"Ark cut 60,715 Tesla (TSLA) shares worth approximately $30 million\", \"across its flagship ARKK (ARKK), ARKW (ARKW), and ARKQ (ARKQ) ETFs\"], \"direction\": \"bearish\", \"impact_score\": -3}, {\"title\": \"Cloud software reductions\", \"detail\": \"ARKW reduced exposure to several cloud and consumer platform companies, signaling modest selling pressure.\", \"evidence\": [\"ARKW (ARKW) reduced positions in Cloudflare (NET) and Palantir (PLTR)\", \"trimmed stakes in Roku (ROKU) and Shopify (SHOP)\"], \"direction\": \"bearish\", \"impact_score\": -1}]', '[]', '[\"ark_invest\", \"portfolio_rebalance\", \"gene_editing\", \"genomics\", \"autonomous_mobility\", \"ev_sector\", \"cloud_software\"]', 'Ark Invest increased allocations to genomics, gene-editing, autonomous mobility, and aerospace-related companies, led by a large purchase of Pacific Biosciences. Smaller additions were made to several innovation-focused names, including Oklo and Archer Aviation. At the same time, Ark trimmed exposure to Tesla and reduced holdings in select cloud software and consumer platform stocks, reflecting active portfolio rebalancing across its ETFs.', '{\"url\": \"[https://seekingalpha.com/news/4535609-cathie-wood-invests-heavily-in-gene-editing-companies-offloads-30-million-worth-tesla-stock](https://seekingalpha.com/news/4535609-cathie-wood-invests-heavily-in-gene-editing-companies-offloads-30-million-worth-tesla-stock)\", \"tags\": [\"ark_invest\", \"portfolio_rebalance\", \"gene_editing\", \"genomics\", \"autonomous_mobility\", \"ev_sector\", \"cloud_software\"], \"recap\": \"Ark Invest increased allocations to genomics, gene-editing, autonomous mobility, and aerospace-related companies, led by a large purchase of Pacific Biosciences. Smaller additions were made to several innovation-focused names, including Oklo and Archer Aviation. At the same time, Ark trimmed exposure to Tesla and reduced holdings in select cloud software and consumer platform stocks, reflecting active portfolio rebalancing across its ETFs.\", \"title\": \"Cathie Wood invests heavily in gene-editing companies, offloads $30 million worth Tesla stock\", \"source\": \"seeking_alpha\", \"drivers\": [{\"title\": \"Large PACB accumulation\", \"detail\": \"Ark funds made a sizable purchase of Pacific Biosciences shares across ARKK and ARKG, reinforcing conviction in the genomics theme.\", \"evidence\": [\"combined ~1.13M shares were purchased through the ARKK (ARKK) and ARKG (ARKG) ETFs\", \"Ark funds added Pacific Biosciences of California (PACB)\"], \"direction\": \"bullish\", \"impact_score\": 3}, {\"title\": \"Gene-editing exposure expanded\", \"detail\": \"Additional buys in Beam Therapeutics and Twist Bioscience highlight continued allocation toward gene-editing and genomics companies.\", \"evidence\": [\"Other smaller additions included Beam Therapeutics (BEAM) and Twist Bioscience (TWST)\", \"increased exposure to gene-editing names\"], \"direction\": \"bullish\", \"impact_score\": 2}, {\"title\": \"Robotaxi investment added\", \"detail\": \"ARKQ increased exposure to autonomous mobility through a large purchase of WeRide shares.\", \"evidence\": [\"ARKQ (ARKQ) bought ~979K shares of robotaxi developer WeRide (WRD)\", \"In autonomous mobility segment\"], \"direction\": \"bullish\", \"impact_score\": 2}, {\"title\": \"Aerospace and defense buys\", \"detail\": \"ARKX added Archer Aviation and AeroVironment, expanding exposure to aerospace and defense-adjacent technologies.\", \"evidence\": [\"ARKX, the space-focused fund, acquired ~447K shares of Archer Aviation (ACHR)\", \"19,248 in AeroVironment (AVAV)\"], \"direction\": \"bullish\", \"impact_score\": 1}, {\"title\": \"Oklo nuclear exposure\", \"detail\": \"Ark increased its stake in Oklo, a nuclear microreactor company tied to future AI and defense power needs.\", \"evidence\": [\"Ark also added ~107K shares of Oklo (OKLO)\", \"focused on next-generation power solutions for AI and defense computing\"], \"direction\": \"bullish\", \"impact_score\": 1}, {\"title\": \"Tesla position trimmed\", \"detail\": \"Ark reduced its Tesla holdings by selling shares worth about $30 million across multiple ETFs.\", \"evidence\": [\"Ark cut 60,715 Tesla (TSLA) shares worth approximately $30 million\", \"across its flagship ARKK (ARKK), ARKW (ARKW), and ARKQ (ARKQ) ETFs\"], \"direction\": \"bearish\", \"impact_score\": -3}, {\"title\": \"Cloud software reductions\", \"detail\": \"ARKW reduced exposure to several cloud and consumer platform companies, signaling modest selling pressure.\", \"evidence\": [\"ARKW (ARKW) reduced positions in Cloudflare (NET) and Palantir (PLTR)\", \"trimmed stakes in Roku (ROKU) and Shopify (SHOP)\"], \"direction\": \"bearish\", \"impact_score\": -1}], \"tickers\": [\"ARKK\", \"ARKG\", \"ARKW\", \"ARKF\", \"ARKX\", \"ARKB\", \"ARKQ\"], \"key_dates\": [], \"sentiment\": \"mixed\", \"author_url\": \"[https://seekingalpha.com/author/chris-lau](https://seekingalpha.com/author/chris-lau)\", \"confidence\": 63, \"read_grade\": 3, \"author_name\": \"Chris Lau\", \"captured_at\": \"2025-12-29T16:03:21.159Z\", \"published_at\": \"2025-12-29T08:15:02-05:00\", \"author_followers\": null}'),
(2, 'seeking_alpha', 'https://seekingalpha.com/article/4856097-micron-suffering-from-ai-success-still-cheap-at-all-time-peak', 0x561b8128cc291a6f0e07a69c644698e03b3c0b532a7ba8dd56cb91b6548e43a4, 'Micron: Suffering From AI Success - Still Cheap At All Time Peak', '2025-12-29 10:00:00', '2025-12-29 16:30:36', '2025-12-29 17:31:53', 'Juxtaposed Ideas', 'https://seekingalpha.com/author/juxtaposed-ideas#source=url_first_level%3Aarticle%7Csection%3Aauthor_brief%3Ajuxtaposed-ideas%7Csection_asset%3Aauthor_brief%7Cauthor_name', 15040, 'bullish', 82, 4, '[\"MU\"]', '[{\"title\": \"HBM capacity fully booked\", \"detail\": \"Microns HBM3E/HBM4 capacity is fully booked into 2026, creating strong pricing power and margin expansion during the AI-driven cloud super cycle.\", \"evidence\": [\"fully booked HBM capacity in 2026\", \"robust hyperscaler demand for its HBM3E/HBM4 offerings\"], \"direction\": \"bullish\", \"impact_score\": 5}, {\"title\": \"Hyperscaler demand surge\", \"detail\": \"Major hyperscalers are placing open-ended orders, signaling sustained multi-year demand for high-bandwidth memory.\", \"evidence\": [\"Google, Amazon, Microsoft, and Meta asked Micron for open-ended orders\", \"they will take as much as it can deliver, irrespective of price\"], \"direction\": \"bullish\", \"impact_score\": 4}, {\"title\": \"Improving pricing environment\", \"detail\": \"Tight supply conditions and shifting contract terms support rising memory prices and stronger margins.\", \"evidence\": [\"tightening supply environment\", \"shift in contract trends from annual prices to monthly price cycles\"], \"direction\": \"bullish\", \"impact_score\": 3}, {\"title\": \"Strategic exit from consumer\", \"detail\": \"Micron is exiting its lower-margin Crucial consumer business to reallocate capacity toward higher-growth, higher-margin data center opportunities.\", \"evidence\": [\"shutting down its Crucial consumer business\", \"align its business to secular, profitable growth vectors\"], \"direction\": \"bullish\", \"impact_score\": 3}, {\"title\": \"Earnings and cash flow rebound\", \"detail\": \"Strong EPS growth and free cash flow generation mark a sharp reversal from prior downcycle conditions.\", \"evidence\": [\"FQ1\'26 adj EPS at $4.78 (+167% YoY)\", \"FQ1\'26 Free Cash Flow generation of $3.9B\"], \"direction\": \"bullish\", \"impact_score\": 4}, {\"title\": \"Valuation remains discounted\", \"detail\": \"Despite a triple-digit rally, Micron trades at valuation multiples well below historical and peer averages.\", \"evidence\": [\"FY2026 P/E non-GAAP valuations of 10.46x\", \"5Y pre-pandemic mean of 18.25x\"], \"direction\": \"bullish\", \"impact_score\": 2}]', '[]', '[\"micron\", \"ai_memory\", \"hbm\", \"data_centers\", \"hyperscalers\", \"valuation\", \"semiconductors\"]', 'Micron is benefiting from strong AI-driven demand for high-bandwidth memory, with HBM capacity fully booked into 2026 and hyperscalers placing open-ended orders. Tight supply conditions are supporting pricing power and margin expansion, while strategic exits from lower-margin consumer businesses free capacity for higher-growth data center uses. Despite a sharp rally, the stock trades at valuation levels below historical and peer averages, supported by improving earnings, cash flow, and a healthier balance sheet.', '{\"url\": \"[https://seekingalpha.com/article/4856097-micron-suffering-from-ai-success-still-cheap-at-all-time-peak](https://seekingalpha.com/article/4856097-micron-suffering-from-ai-success-still-cheap-at-all-time-peak)\", \"tags\": [\"micron\", \"ai_memory\", \"hbm\", \"data_centers\", \"hyperscalers\", \"valuation\", \"semiconductors\"], \"recap\": \"Micron is benefiting from strong AI-driven demand for high-bandwidth memory, with HBM capacity fully booked into 2026 and hyperscalers placing open-ended orders. Tight supply conditions are supporting pricing power and margin expansion, while strategic exits from lower-margin consumer businesses free capacity for higher-growth data center uses. Despite a sharp rally, the stock trades at valuation levels below historical and peer averages, supported by improving earnings, cash flow, and a healthier balance sheet.\", \"title\": \"Micron: Suffering From AI Success - Still Cheap At All Time Peak\", \"source\": \"seeking_alpha\", \"drivers\": [{\"title\": \"HBM capacity fully booked\", \"detail\": \"Microns HBM3E/HBM4 capacity is fully booked into 2026, creating strong pricing power and margin expansion during the AI-driven cloud super cycle.\", \"evidence\": [\"fully booked HBM capacity in 2026\", \"robust hyperscaler demand for its HBM3E/HBM4 offerings\"], \"direction\": \"bullish\", \"impact_score\": 5}, {\"title\": \"Hyperscaler demand surge\", \"detail\": \"Major hyperscalers are placing open-ended orders, signaling sustained multi-year demand for high-bandwidth memory.\", \"evidence\": [\"Google, Amazon, Microsoft, and Meta asked Micron for open-ended orders\", \"they will take as much as it can deliver, irrespective of price\"], \"direction\": \"bullish\", \"impact_score\": 4}, {\"title\": \"Improving pricing environment\", \"detail\": \"Tight supply conditions and shifting contract terms support rising memory prices and stronger margins.\", \"evidence\": [\"tightening supply environment\", \"shift in contract trends from annual prices to monthly price cycles\"], \"direction\": \"bullish\", \"impact_score\": 3}, {\"title\": \"Strategic exit from consumer\", \"detail\": \"Micron is exiting its lower-margin Crucial consumer business to reallocate capacity toward higher-growth, higher-margin data center opportunities.\", \"evidence\": [\"shutting down its Crucial consumer business\", \"align its business to secular, profitable growth vectors\"], \"direction\": \"bullish\", \"impact_score\": 3}, {\"title\": \"Earnings and cash flow rebound\", \"detail\": \"Strong EPS growth and free cash flow generation mark a sharp reversal from prior downcycle conditions.\", \"evidence\": [\"FQ1\'26 adj EPS at $4.78 (+167% YoY)\", \"FQ1\'26 Free Cash Flow generation of $3.9B\"], \"direction\": \"bullish\", \"impact_score\": 4}, {\"title\": \"Valuation remains discounted\", \"detail\": \"Despite a triple-digit rally, Micron trades at valuation multiples well below historical and peer averages.\", \"evidence\": [\"FY2026 P/E non-GAAP valuations of 10.46x\", \"5Y pre-pandemic mean of 18.25x\"], \"direction\": \"bullish\", \"impact_score\": 2}], \"tickers\": [\"MU\"], \"key_dates\": [], \"sentiment\": \"bullish\", \"author_url\": \"[https://seekingalpha.com/author/juxtaposed-ideas#source=url_first_level%3Aarticle%7Csection%3Aauthor_brief%3Ajuxtaposed-ideas%7Csection_asset%3Aauthor_brief%7Cauthor_name](https://seekingalpha.com/author/juxtaposed-ideas#source=url_first_level%3Aarticle%7Csection%3Aauthor_brief%3Ajuxtaposed-ideas%7Csection_asset%3Aauthor_brief%7Cauthor_name)\", \"confidence\": 82, \"read_grade\": 4, \"author_name\": \"Juxtaposed Ideas\", \"captured_at\": \"2025-12-29T16:30:36.042Z\", \"published_at\": \"2025-12-29T10:00:00-05:00\", \"author_followers\": 15040}'),
(3, 'seeking_alpha', 'https://seekingalpha.com/news/4535647-digitalbridge-surges-after-report-of-softbank-nears-deal-to-acquire-the-pe-firm', 0xab533a59bf81c7022aec9a3b5048dd590a3c9fcd48b8ec866fc62e5e19979403, 'DigitalBridge surges after report of SoftBank nears deal to acquire the PE firm', '2025-12-29 05:52:31', '2025-12-29 16:35:00', '2025-12-29 17:36:15', 'MedTechBio', 'https://seekingalpha.com/author/medtechbio', NULL, 'bullish', 70, 4, '[\"SFTBY\", \"DBRG\", \"SFTBF\"]', '[{\"title\": \"SoftBank in acquisition talks\", \"detail\": \"A potential takeout of DigitalBridge is a positive catalyst, especially given the market reaction implied by the headline.\", \"evidence\": [\"SoftBank is in advanced discussions to acquire ... DigitalBridge (DBRG)\", \"DigitalBridge surges after report of SoftBank nears deal\"], \"direction\": \"bullish\", \"impact_score\": 4}, {\"title\": \"AI data center demand tailwind\", \"detail\": \"SoftBanks AI/data-center buildout narrative increases strategic logic for digital infrastructure exposure, supporting deal rationale.\", \"evidence\": [\"capitalize on surging demand for the computing capacity which underpins AI applications\", \"build data centers in the U.S.\"], \"direction\": \"bullish\", \"impact_score\": 2}, {\"title\": \"Deal not finalized\", \"detail\": \"No final agreement and uncertain timing keep headline risk elevated; negotiations could break down or terms could change.\", \"evidence\": [\"A final agreement has not been reached\", \"details, including the timing, could still change\"], \"direction\": \"bearish\", \"impact_score\": -2}]', '[]', '[\"m_a\", \"digital_infrastructure\", \"data_centers\", \"ai_infrastructure\", \"deal_rumor\", \"softbank\"]', 'The report says SoftBank is in advanced discussions to acquire DigitalBridge, a digital infrastructure-focused asset manager, and shares rose on the news. The article notes no final agreement has been reached and timing/details could change. It also ties SoftBanks interest to rising AI-driven demand for computing capacity and data center buildouts, supporting strategic rationale but leaving execution risk until a deal is confirmed.', '{\"url\": \"[https://seekingalpha.com/news/4535647-digitalbridge-surges-after-report-of-softbank-nears-deal-to-acquire-the-pe-firm](https://seekingalpha.com/news/4535647-digitalbridge-surges-after-report-of-softbank-nears-deal-to-acquire-the-pe-firm)\", \"tags\": [\"m_a\", \"digital_infrastructure\", \"data_centers\", \"ai_infrastructure\", \"deal_rumor\", \"softbank\"], \"recap\": \"The report says SoftBank is in advanced discussions to acquire DigitalBridge, a digital infrastructure-focused asset manager, and shares rose on the news. The article notes no final agreement has been reached and timing/details could change. It also ties SoftBanks interest to rising AI-driven demand for computing capacity and data center buildouts, supporting strategic rationale but leaving execution risk until a deal is confirmed.\", \"title\": \"DigitalBridge surges after report of SoftBank nears deal to acquire the PE firm\", \"source\": \"seeking_alpha\", \"drivers\": [{\"title\": \"SoftBank in acquisition talks\", \"detail\": \"A potential takeout of DigitalBridge is a positive catalyst, especially given the market reaction implied by the headline.\", \"evidence\": [\"SoftBank is in advanced discussions to acquire ... DigitalBridge (DBRG)\", \"DigitalBridge surges after report of SoftBank nears deal\"], \"direction\": \"bullish\", \"impact_score\": 4}, {\"title\": \"AI data center demand tailwind\", \"detail\": \"SoftBanks AI/data-center buildout narrative increases strategic logic for digital infrastructure exposure, supporting deal rationale.\", \"evidence\": [\"capitalize on surging demand for the computing capacity which underpins AI applications\", \"build data centers in the U.S.\"], \"direction\": \"bullish\", \"impact_score\": 2}, {\"title\": \"Deal not finalized\", \"detail\": \"No final agreement and uncertain timing keep headline risk elevated; negotiations could break down or terms could change.\", \"evidence\": [\"A final agreement has not been reached\", \"details, including the timing, could still change\"], \"direction\": \"bearish\", \"impact_score\": -2}], \"tickers\": [\"SFTBY\", \"DBRG\", \"SFTBF\"], \"key_dates\": [], \"sentiment\": \"bullish\", \"author_url\": \"[https://seekingalpha.com/author/medtechbio](https://seekingalpha.com/author/medtechbio)\", \"confidence\": 70, \"read_grade\": 4, \"author_name\": \"MedTechBio\", \"captured_at\": \"2025-12-29T16:35:00.535Z\", \"published_at\": \"2025-12-29T05:52:31-05:00\", \"author_followers\": null}'),
(4, 'seeking_alpha', 'https://seekingalpha.com/article/4856012-astera-labs-plans-to-be-indispendable-no-matter-how-ai-systems-evolve', 0x9ad43819ecd4a2200cfcb67e63a282e31b62a47fcbef5221cedc37ed2f74c133, 'Astera Labs Plans To Be Indispensable No Matter How AI Systems Evolve', '2025-12-27 23:02:08', '2025-12-29 18:38:39', '2025-12-29 19:40:18', 'Kennedy Njagi', 'https://seekingalpha.com/author/kennedy-njagi#source=url_first_level%3Aarticle%7Csection%3Aauthor_brief%3Akennedy-njagi%7Csection_asset%3Aauthor_brief%7Cauthor_name', 1440, 'bullish', 88, 5, '[\"ALAB\"]', '[{\"title\": \"Multiple product ramps\", \"detail\": \"Scorpio X, Leo, Aries, and Taurus ramps create multiple growth engines and a major revenue inflection from 2025 onward.\", \"evidence\": [\"all four product lines are ramping or about to ramp\", \"Q4 2025 and 2026 to show an inflection in growth\"], \"direction\": \"bullish\", \"impact_score\": 5}, {\"title\": \"Hyperscaler AI spending\", \"detail\": \"Exploding hyperscaler AI capex provides a powerful secular tailwind for Asteras connectivity solutions.\", \"evidence\": [\"top four US hyperscalers are projected to spend over $500Bn in capex in 2026\", \"secular AI demand\"], \"direction\": \"bullish\", \"impact_score\": 5}, {\"title\": \"Leadership in AI connectivity\", \"detail\": \"Astera is embedded across next-gen connectivity standards, positioning it as a core control point in AI infrastructure.\", \"evidence\": [\"leadership in a niche that is becoming a key standard in the AI Infrastructure market\", \"compatible with PCIe, CXL, UALink, and NVLink\"], \"direction\": \"bullish\", \"impact_score\": 4}, {\"title\": \"Microsoft CXL validation\", \"detail\": \"Microsofts deployment of Leo validates Asteras CXL technology and could accelerate adoption.\", \"evidence\": [\"MSFT is deploying Leo in a private cloud environment\", \"first real-world use of Astera\'s CXL solution\"], \"direction\": \"bullish\", \"impact_score\": 3}, {\"title\": \"Product ramp execution risk\", \"detail\": \"Delays or integration challenges in new product ramps could materially impact near-term expectations given the rich valuation.\", \"evidence\": [\"product ramp risk\", \"valuation leaves little room for operational missteps\"], \"direction\": \"bearish\", \"impact_score\": -2}]', '[]', '[\"ai_infrastructure\", \"hyperscaler_capex\", \"semiconductors\", \"product_ramps\", \"data_centers\", \"growth_stock\"]', 'The article argues Astera Labs is becoming an indispensable connectivity control point in AI data centers, supported by multiple product ramps, hyperscaler partnerships, and strong secular AI spending tailwinds. Scorpio X, Leo, and Aries are expected to drive major revenue inflection from 2025 onward, while leadership across emerging connectivity standards expands its addressable market. Although execution risk exists given the rich valuation, the author views Asteras growth trajectory and strategic positioning as compelling and reiterates a Strong Buy.', '{\"url\": \"[https://seekingalpha.com/article/4856012-astera-labs-plans-to-be-indispendable-no-matter-how-ai-systems-evolve](https://seekingalpha.com/article/4856012-astera-labs-plans-to-be-indispendable-no-matter-how-ai-systems-evolve)\", \"tags\": [\"ai_infrastructure\", \"hyperscaler_capex\", \"semiconductors\", \"product_ramps\", \"data_centers\", \"growth_stock\"], \"recap\": \"The article argues Astera Labs is becoming an indispensable connectivity control point in AI data centers, supported by multiple product ramps, hyperscaler partnerships, and strong secular AI spending tailwinds. Scorpio X, Leo, and Aries are expected to drive major revenue inflection from 2025 onward, while leadership across emerging connectivity standards expands its addressable market. Although execution risk exists given the rich valuation, the author views Asteras growth trajectory and strategic positioning as compelling and reiterates a Strong Buy.\", \"title\": \"Astera Labs Plans To Be Indispensable No Matter How AI Systems Evolve\", \"source\": \"seeking_alpha\", \"drivers\": [{\"title\": \"Multiple product ramps\", \"detail\": \"Scorpio X, Leo, Aries, and Taurus ramps create multiple growth engines and a major revenue inflection from 2025 onward.\", \"evidence\": [\"all four product lines are ramping or about to ramp\", \"Q4 2025 and 2026 to show an inflection in growth\"], \"direction\": \"bullish\", \"impact_score\": 5}, {\"title\": \"Hyperscaler AI spending\", \"detail\": \"Exploding hyperscaler AI capex provides a powerful secular tailwind for Asteras connectivity solutions.\", \"evidence\": [\"top four US hyperscalers are projected to spend over $500Bn in capex in 2026\", \"secular AI demand\"], \"direction\": \"bullish\", \"impact_score\": 5}, {\"title\": \"Leadership in AI connectivity\", \"detail\": \"Astera is embedded across next-gen connectivity standards, positioning it as a core control point in AI infrastructure.\", \"evidence\": [\"leadership in a niche that is becoming a key standard in the AI Infrastructure market\", \"compatible with PCIe, CXL, UALink, and NVLink\"], \"direction\": \"bullish\", \"impact_score\": 4}, {\"title\": \"Microsoft CXL validation\", \"detail\": \"Microsofts deployment of Leo validates Asteras CXL technology and could accelerate adoption.\", \"evidence\": [\"MSFT is deploying Leo in a private cloud environment\", \"first real-world use of Astera\'s CXL solution\"], \"direction\": \"bullish\", \"impact_score\": 3}, {\"title\": \"Product ramp execution risk\", \"detail\": \"Delays or integration challenges in new product ramps could materially impact near-term expectations given the rich valuation.\", \"evidence\": [\"product ramp risk\", \"valuation leaves little room for operational missteps\"], \"direction\": \"bearish\", \"impact_score\": -2}], \"tickers\": [\"ALAB\"], \"key_dates\": [], \"sentiment\": \"bullish\", \"author_url\": \"[https://seekingalpha.com/author/kennedy-njagi#source=url_first_level%3Aarticle%7Csection%3Aauthor_brief%3Akennedy-njagi%7Csection_asset%3Aauthor_brief%7Cauthor_name](https://seekingalpha.com/author/kennedy-njagi#source=url_first_level%3Aarticle%7Csection%3Aauthor_brief%3Akennedy-njagi%7Csection_asset%3Aauthor_brief%7Cauthor_name)\", \"confidence\": 88, \"read_grade\": 5, \"author_name\": \"Kennedy Njagi\", \"captured_at\": \"2025-12-29T18:38:39.307Z\", \"published_at\": \"2025-12-27T23:02:08-05:00\", \"author_followers\": 1440}'),
(5, 'seeking_alpha', 'https://seekingalpha.com/article/4826391-six-flags-entertainment-digging-into-the-monetization-thesis-rating-downgrade', 0xf486cf4c838ddba1fa5d42be6009f29c4b30733f489642f1ed070fba5d030108, 'Six Flags Entertainment: Digging Into The Monetization Thesis (Rating Downgrade)', '2025-09-27 09:26:42', '2025-12-29 18:42:45', '2025-12-29 19:44:18', 'Pedro Goulart', 'https://seekingalpha.com/author/pedro-goulart#source=url_first_level%3Aarticle%7Csection%3Aauthor_brief%3Apedro-goulart%7Csection_asset%3Aauthor_brief%7Cauthor_name', 776, 'bearish', 86, 4, '[\"FUN\"]', '[{\"title\": \"Downgraded to Sell\", \"detail\": \"The author explicitly assigns a Sell rating and frames the stock as a value trap with meaningful downside.\", \"evidence\": [\"making me give this stock a \'Sell\' rating\", \"Six Flags is now a \'sell\'\"], \"direction\": \"bearish\", \"impact_score\": -5}, {\"title\": \"High debt overhang\", \"detail\": \"Leverage and covenant constraints limit flexibility for dividends/buybacks and add ongoing risk to the equity story.\", \"evidence\": [\"Currently, the company has $5.16 billion in net debt\", \"Starting with the heaviest obligation: ... reduce its Net Debt/EBITDA\"], \"direction\": \"bearish\", \"impact_score\": -4}, {\"title\": \"Activist monetization risks\", \"detail\": \"Sale-leaseback or a REIT spin-off could create rent burdens and misalign long-term investment needs with short-term shareholder actions.\", \"evidence\": [\"Option #1: Sale-leaseback\", \"Option #2: Real estate spin-off in REIT format\"], \"direction\": \"bearish\", \"impact_score\": -3}, {\"title\": \"Rent could hurt EBITDA\", \"detail\": \"Monetizing assets via leasing could increase fixed costs, compress margins, and reduce competitiveness due to limits on capex flexibility.\", \"evidence\": [\"Six Flags would now have to pay rent\", \"lease would cost the company more, further compressing EBITDA\"], \"direction\": \"bearish\", \"impact_score\": -3}, {\"title\": \"Downside price target\", \"detail\": \"The valuation framework presented implies roughly 20% downside from current levels.\", \"evidence\": [\"price target of just over $16\", \"This would be a downside of ~20% from here\"], \"direction\": \"bearish\", \"impact_score\": -3}]', '[]', '[\"sell_rating\", \"high_leverage\", \"activist_investor\", \"real_estate_monetization\", \"sale_leaseback\", \"reit_spinoff\", \"value_trap\"]', 'The article downgrades Six Flags to Sell, arguing high leverage and operational headwinds outweigh potential upside. It reviews an activists real estate monetization proposals (sale-leaseback or a REIT spin-off) but highlights long-term risks, including new rent obligations, constrained investment in attractions, and potential EBITDA compression. Covenant and debt burdens are presented as limiting capital returns and flexibility. Using an EBITDA multiple framework, the author cites a price target just over $16, implying about 20% downside and framing the stock as a value trap.', '{\"url\": \"[https://seekingalpha.com/article/4826391-six-flags-entertainment-digging-into-the-monetization-thesis-rating-downgrade](https://seekingalpha.com/article/4826391-six-flags-entertainment-digging-into-the-monetization-thesis-rating-downgrade)\", \"tags\": [\"sell_rating\", \"high_leverage\", \"activist_investor\", \"real_estate_monetization\", \"sale_leaseback\", \"reit_spinoff\", \"value_trap\"], \"recap\": \"The article downgrades Six Flags to Sell, arguing high leverage and operational headwinds outweigh potential upside. It reviews an activists real estate monetization proposals (sale-leaseback or a REIT spin-off) but highlights long-term risks, including new rent obligations, constrained investment in attractions, and potential EBITDA compression. Covenant and debt burdens are presented as limiting capital returns and flexibility. Using an EBITDA multiple framework, the author cites a price target just over $16, implying about 20% downside and framing the stock as a value trap.\", \"title\": \"Six Flags Entertainment: Digging Into The Monetization Thesis (Rating Downgrade)\", \"source\": \"seeking_alpha\", \"drivers\": [{\"title\": \"Downgraded to Sell\", \"detail\": \"The author explicitly assigns a Sell rating and frames the stock as a value trap with meaningful downside.\", \"evidence\": [\"making me give this stock a \'Sell\' rating\", \"Six Flags is now a \'sell\'\"], \"direction\": \"bearish\", \"impact_score\": -5}, {\"title\": \"High debt overhang\", \"detail\": \"Leverage and covenant constraints limit flexibility for dividends/buybacks and add ongoing risk to the equity story.\", \"evidence\": [\"Currently, the company has $5.16 billion in net debt\", \"Starting with the heaviest obligation: ... reduce its Net Debt/EBITDA\"], \"direction\": \"bearish\", \"impact_score\": -4}, {\"title\": \"Activist monetization risks\", \"detail\": \"Sale-leaseback or a REIT spin-off could create rent burdens and misalign long-term investment needs with short-term shareholder actions.\", \"evidence\": [\"Option #1: Sale-leaseback\", \"Option #2: Real estate spin-off in REIT format\"], \"direction\": \"bearish\", \"impact_score\": -3}, {\"title\": \"Rent could hurt EBITDA\", \"detail\": \"Monetizing assets via leasing could increase fixed costs, compress margins, and reduce competitiveness due to limits on capex flexibility.\", \"evidence\": [\"Six Flags would now have to pay rent\", \"lease would cost the company more, further compressing EBITDA\"], \"direction\": \"bearish\", \"impact_score\": -3}, {\"title\": \"Downside price target\", \"detail\": \"The valuation framework presented implies roughly 20% downside from current levels.\", \"evidence\": [\"price target of just over $16\", \"This would be a downside of ~20% from here\"], \"direction\": \"bearish\", \"impact_score\": -3}], \"tickers\": [\"FUN\"], \"key_dates\": [], \"sentiment\": \"bearish\", \"author_url\": \"[https://seekingalpha.com/author/pedro-goulart#source=url_first_level%3Aarticle%7Csection%3Aauthor_brief%3Apedro-goulart%7Csection_asset%3Aauthor_brief%7Cauthor_name](https://seekingalpha.com/author/pedro-goulart#source=url_first_level%3Aarticle%7Csection%3Aauthor_brief%3Apedro-goulart%7Csection_asset%3Aauthor_brief%7Cauthor_name)\", \"confidence\": 86, \"read_grade\": 4, \"author_name\": \"Pedro Goulart\", \"captured_at\": \"2025-12-29T18:42:45.295Z\", \"published_at\": \"2025-09-27T09:26:42-04:00\", \"author_followers\": 776}'),
(6, 'seeking_alpha', 'https://seekingalpha.com/article/4856050-broadcom-aggressive-revisions-justify-strong-buy-upgrade', 0xd795065187c29229c558873a89decdac042425bad48b9c7c964a1a9cc3b7d010, 'Broadcom: Aggressive Revisions Justify Strong Buy Upgrade', '2025-12-28 06:37:53', '2025-12-29 20:03:12', '2025-12-29 21:04:15', 'RI Research', 'https://seekingalpha.com/author/ri-research#source=url_first_level%3Aarticle%7Csection%3Aauthor_brief%3Ari-research%7Csection_asset%3Aauthor_brief%7Cauthor_name', 1750, 'bullish', 85, 4, '[\"AVGO\"]', '[{\"title\": \"Strong EPS revisions\", \"detail\": \"Upward EPS and revenue revisions have driven a favorable repricing of forward valuation metrics.\", \"evidence\": [\"EPS revision trends are heading sharply to the North\", \"revenue revisions significantly outpaced share price growth\"], \"direction\": \"bullish\", \"impact_score\": 5}, {\"title\": \"Attractive forward valuation\", \"detail\": \"Forward P/E is projected to fall below 20 within two years, supporting the upgrade back to Strong Buy.\", \"evidence\": [\"AVGO\'s P/E is expected to dip below 20 just two years from now\", \"valuation is very attractive\"], \"direction\": \"bullish\", \"impact_score\": 4}, {\"title\": \"VCF ecosystem expansion\", \"detail\": \"Broadcom is expanding VMware Cloud Foundation with more openness, partnerships, and international adoption.\", \"evidence\": [\"advances an open, extensible ecosystem for VCF\", \"new large partnerships for VCF like the recent one with ING\"], \"direction\": \"bullish\", \"impact_score\": 4}, {\"title\": \"Product innovation momentum\", \"detail\": \"New quantum-safe switches and continued R&D investment reinforce Broadcoms long-term competitive positioning.\", \"evidence\": [\"introduced the world\'s first quantum-safe gen 8 128G SAN switch portfolio\", \"annual R&D budget is already above $10 billion\"], \"direction\": \"bullish\", \"impact_score\": 3}, {\"title\": \"Hyperscaler capex risk\", \"detail\": \"Potential synchronized AI data center capex cuts by hyperscalers remain a key downside risk.\", \"evidence\": [\"no control over capital spending budgets of giants like AWS or Microsoft\", \"greatest risk lies for AVGO at the moment\"], \"direction\": \"bearish\", \"impact_score\": -2}]', '[]', '[\"strong_buy_upgrade\", \"earnings_revisions\", \"ai_infrastructure\", \"semiconductors\", \"valuation_repricing\", \"vmware_cloud_foundation\"]', 'The article upgrades Broadcom back to Strong Buy, citing aggressive upward EPS and revenue revisions that have improved forward valuation metrics. AVGOs forward P/E is projected to fall below 20 within two years, while VMware Cloud Foundation expansion, new partnerships, and ongoing product innovation support long-term growth. Although current multiples remain high and hyperscaler AI capex cuts pose risk, the author argues Broadcoms earnings momentum and strategic positioning justify the upgrade.', '{\"url\": \"[https://seekingalpha.com/article/4856050-broadcom-aggressive-revisions-justify-strong-buy-upgrade](https://seekingalpha.com/article/4856050-broadcom-aggressive-revisions-justify-strong-buy-upgrade)\", \"tags\": [\"strong_buy_upgrade\", \"earnings_revisions\", \"ai_infrastructure\", \"semiconductors\", \"valuation_repricing\", \"vmware_cloud_foundation\"], \"recap\": \"The article upgrades Broadcom back to Strong Buy, citing aggressive upward EPS and revenue revisions that have improved forward valuation metrics. AVGOs forward P/E is projected to fall below 20 within two years, while VMware Cloud Foundation expansion, new partnerships, and ongoing product innovation support long-term growth. Although current multiples remain high and hyperscaler AI capex cuts pose risk, the author argues Broadcoms earnings momentum and strategic positioning justify the upgrade.\", \"title\": \"Broadcom: Aggressive Revisions Justify Strong Buy Upgrade\", \"source\": \"seeking_alpha\", \"drivers\": [{\"title\": \"Strong EPS revisions\", \"detail\": \"Upward EPS and revenue revisions have driven a favorable repricing of forward valuation metrics.\", \"evidence\": [\"EPS revision trends are heading sharply to the North\", \"revenue revisions significantly outpaced share price growth\"], \"direction\": \"bullish\", \"impact_score\": 5}, {\"title\": \"Attractive forward valuation\", \"detail\": \"Forward P/E is projected to fall below 20 within two years, supporting the upgrade back to Strong Buy.\", \"evidence\": [\"AVGO\'s P/E is expected to dip below 20 just two years from now\", \"valuation is very attractive\"], \"direction\": \"bullish\", \"impact_score\": 4}, {\"title\": \"VCF ecosystem expansion\", \"detail\": \"Broadcom is expanding VMware Cloud Foundation with more openness, partnerships, and international adoption.\", \"evidence\": [\"advances an open, extensible ecosystem for VCF\", \"new large partnerships for VCF like the recent one with ING\"], \"direction\": \"bullish\", \"impact_score\": 4}, {\"title\": \"Product innovation momentum\", \"detail\": \"New quantum-safe switches and continued R&D investment reinforce Broadcoms long-term competitive positioning.\", \"evidence\": [\"introduced the world\'s first quantum-safe gen 8 128G SAN switch portfolio\", \"annual R&D budget is already above $10 billion\"], \"direction\": \"bullish\", \"impact_score\": 3}, {\"title\": \"Hyperscaler capex risk\", \"detail\": \"Potential synchronized AI data center capex cuts by hyperscalers remain a key downside risk.\", \"evidence\": [\"no control over capital spending budgets of giants like AWS or Microsoft\", \"greatest risk lies for AVGO at the moment\"], \"direction\": \"bearish\", \"impact_score\": -2}], \"tickers\": [\"AVGO\"], \"key_dates\": [], \"sentiment\": \"bullish\", \"author_url\": \"[https://seekingalpha.com/author/ri-research#source=url_first_level%3Aarticle%7Csection%3Aauthor_brief%3Ari-research%7Csection_asset%3Aauthor_brief%7Cauthor_name](https://seekingalpha.com/author/ri-research#source=url_first_level%3Aarticle%7Csection%3Aauthor_brief%3Ari-research%7Csection_asset%3Aauthor_brief%7Cauthor_name)\", \"confidence\": 85, \"read_grade\": 4, \"author_name\": \"RI Research\", \"captured_at\": \"2025-12-29T20:03:12.693Z\", \"published_at\": \"2025-12-28T06:37:53-05:00\", \"author_followers\": 1750}'),
(7, 'seeking_alpha', 'https://seekingalpha.com/article/4855648-lockheed-martin-add-trump-pressure-to-the-pile-of-issues', 0x42d4f1770c5a1c89c87581076aea76efaadd4f77838e434fc31fd56f618770be, 'Lockheed Martin: Add Trump Pressure To The Pile Of Issues', '2025-12-24 12:45:57', '2025-12-30 15:39:17', '2025-12-30 16:41:16', 'YR Research', 'https://seekingalpha.com/author/yr-research#source=url_first_level%3Aarticle%7Csection%3Aauthor_brief%3Ayr-research%7Csection_asset%3Aauthor_brief%7Cauthor_name', 5250, 'bearish', 82, 4, '[\"LMT\"]', '[{\"title\": \"Trump scrutiny on capital returns\", \"detail\": \"Reported White House pressure on defense contractors could limit buybacks and dividends, reducing one of LMTs key investor attractions.\", \"evidence\": [\"President Trump reportedly has his eyes on defense contractor capital returns policies\", \"potential order that will limit shareholder payouts and executive pay\"], \"direction\": \"bearish\", \"impact_score\": -4}, {\"title\": \"Decade-long underperformance\", \"detail\": \"Lockheed has significantly lagged the broader market over the past decade due to low growth and margin pressure.\", \"evidence\": [\"underperforming the market by a huge gap\", \"Revenue grew at a mid-single-digit rate annually, while margins dropped\"], \"direction\": \"bearish\", \"impact_score\": -4}, {\"title\": \"Margin pressure persists\", \"detail\": \"Key growth segments showed margin contraction in Q3, limiting earnings leverage despite higher revenues.\", \"evidence\": [\"Aeronautics contracting 80 bps and Missiles contracting 30 bps\", \"consolidated margin contracted 20 bps\"], \"direction\": \"bearish\", \"impact_score\": -3}, {\"title\": \"Backlog growth modest\", \"detail\": \"Backlog increased but at a pace insufficient to signal a material acceleration in growth.\", \"evidence\": [\"Backlog was up $3 billion from the start of the year\", \"about 1.7%\"], \"direction\": \"neutral\", \"impact_score\": 1}, {\"title\": \"Valuation not compelling\", \"detail\": \"The valuation appears stretched relative to Lockheeds growth profile, suggesting limited upside.\", \"evidence\": [\"PEG ratio of 2.4x\", \"Lockheed isn\'t undervalued relative to its growth trajectory\"], \"direction\": \"bearish\", \"impact_score\": -3}]', '[]', '[\"defense_contractors\", \"capital_returns_pressure\", \"margin_pressure\", \"low_growth\", \"valuation_risk\", \"hold_rating\"]', 'The article argues that Lockheed Martin continues to suffer from low growth and margin pressure after a decade of underperformance. New White House scrutiny on defense contractors capital returns threatens buybacks and dividends, one of LMTs remaining investor appeals. While Q3 revenue rose and backlog increased modestly, margins contracted in key segments and guidance offered little excitement. The author maintains a Hold stance, viewing the stock as overvalued relative to its growth trajectory with limited upside and ongoing headline risk.', '{\"url\": \"https://seekingalpha.com/article/4855648-lockheed-martin-add-trump-pressure-to-the-pile-of-issues\", \"tags\": [\"defense_contractors\", \"capital_returns_pressure\", \"margin_pressure\", \"low_growth\", \"valuation_risk\", \"hold_rating\"], \"recap\": \"The article argues that Lockheed Martin continues to suffer from low growth and margin pressure after a decade of underperformance. New White House scrutiny on defense contractors capital returns threatens buybacks and dividends, one of LMTs remaining investor appeals. While Q3 revenue rose and backlog increased modestly, margins contracted in key segments and guidance offered little excitement. The author maintains a Hold stance, viewing the stock as overvalued relative to its growth trajectory with limited upside and ongoing headline risk.\", \"title\": \"Lockheed Martin: Add Trump Pressure To The Pile Of Issues\", \"source\": \"seeking_alpha\", \"drivers\": [{\"title\": \"Trump scrutiny on capital returns\", \"detail\": \"Reported White House pressure on defense contractors could limit buybacks and dividends, reducing one of LMTs key investor attractions.\", \"evidence\": [\"President Trump reportedly has his eyes on defense contractor capital returns policies\", \"potential order that will limit shareholder payouts and executive pay\"], \"direction\": \"bearish\", \"impact_score\": -4}, {\"title\": \"Decade-long underperformance\", \"detail\": \"Lockheed has significantly lagged the broader market over the past decade due to low growth and margin pressure.\", \"evidence\": [\"underperforming the market by a huge gap\", \"Revenue grew at a mid-single-digit rate annually, while margins dropped\"], \"direction\": \"bearish\", \"impact_score\": -4}, {\"title\": \"Margin pressure persists\", \"detail\": \"Key growth segments showed margin contraction in Q3, limiting earnings leverage despite higher revenues.\", \"evidence\": [\"Aeronautics contracting 80 bps and Missiles contracting 30 bps\", \"consolidated margin contracted 20 bps\"], \"direction\": \"bearish\", \"impact_score\": -3}, {\"title\": \"Backlog growth modest\", \"detail\": \"Backlog increased but at a pace insufficient to signal a material acceleration in growth.\", \"evidence\": [\"Backlog was up $3 billion from the start of the year\", \"about 1.7%\"], \"direction\": \"neutral\", \"impact_score\": 1}, {\"title\": \"Valuation not compelling\", \"detail\": \"The valuation appears stretched relative to Lockheeds growth profile, suggesting limited upside.\", \"evidence\": [\"PEG ratio of 2.4x\", \"Lockheed isn\'t undervalued relative to its growth trajectory\"], \"direction\": \"bearish\", \"impact_score\": -3}], \"tickers\": [\"LMT\"], \"key_dates\": [], \"sentiment\": \"bearish\", \"author_url\": \"https://seekingalpha.com/author/yr-research#source=url_first_level%3Aarticle%7Csection%3Aauthor_brief%3Ayr-research%7Csection_asset%3Aauthor_brief%7Cauthor_name\", \"confidence\": 82, \"read_grade\": 4, \"author_name\": \"YR Research\", \"captured_at\": \"2025-12-30T15:39:17.554Z\", \"published_at\": \"2025-12-24T12:45:57-05:00\", \"author_followers\": 5250}');
INSERT INTO `news_article` (`id`, `source`, `url`, `url_hash`, `title`, `published_at`, `captured_at`, `created_at`, `author_name`, `author_url`, `author_followers`, `sentiment`, `confidence`, `read_grade`, `tickers`, `drivers`, `key_dates`, `tags`, `recap`, `raw_json`) VALUES
(8, 'seeking_alpha', 'https://seekingalpha.com/news/4533852-j-p-morgan-sees-mostly-positive-outlook-for-aerospace-mixed-signals-for-defense', 0x811539f1335c0176ac4bd6b8838b1c4ec6040f47d8bdc73c7d5999894c18bb94, 'J.P. Morgan sees mostly positive outlook for aerospace, mixed signals for defense', '2025-12-21 11:32:15', '2025-12-30 15:42:47', '2025-12-30 16:44:01', NULL, NULL, NULL, 'mixed', 75, 4, '[\"XLI\", \"GE\", \"BA\", \"LMT\", \"HWM\", \"LHX\", \"ATI\", \"LDOS\", \"SARO\", \"EADSF\", \"EADSY\"]', '[{\"title\": \"Strong aerospace demand\", \"detail\": \"Multi-year production backlogs, rising air traffic, and an aging fleet support sustained growth across OEMs and aftermarket services.\", \"evidence\": [\"multi-year production backlogs at Boeing and Airbus\", \"sustained growth in global air traffic\"], \"direction\": \"bullish\", \"impact_score\": 4}, {\"title\": \"Aftermarket capacity constraints\", \"detail\": \"Engine maintenance capacity limits are expected to underpin aftermarket growth and margin expansion.\", \"evidence\": [\"aftermarket, particularly in engine maintenance, where capacity constraints remain significant\"], \"direction\": \"bullish\", \"impact_score\": 3}, {\"title\": \"Boeing top pick\", \"detail\": \"J.P. Morgan highlights Boeing for improving production and a path toward materially higher cash flow later in the decade.\", \"evidence\": [\"Boeing remains a top pick\", \"path toward materially higher cash flow later in the decade\"], \"direction\": \"bullish\", \"impact_score\": 3}, {\"title\": \"Selective defense exposure\", \"detail\": \"Rising global military spending supports the sector, but benefits vary by company and program execution.\", \"evidence\": [\"global military spending is rising\", \"investors should be increasingly selective\"], \"direction\": \"neutral\", \"impact_score\": 1}, {\"title\": \"Defense policy uncertainty\", \"detail\": \"U.S. political dynamics and a push toward non-traditional contractors complicate the outlook for large defense primes.\", \"evidence\": [\"U.S. political backdrop introduces uncertainty\", \"push to broaden the defense industrial base\"], \"direction\": \"bearish\", \"impact_score\": -3}, {\"title\": \"Lockheed downgraded\", \"detail\": \"Lockheed Martin was downgraded due to concerns about long-term free cash flow growth and execution risks.\", \"evidence\": [\"downgraded Lockheed Martin to Neutral\", \"concerns about longer-term free cash flow growth\"], \"direction\": \"bearish\", \"impact_score\": -3}]', '[]', '[\"aerospace_outlook\", \"aftermarket_demand\", \"defense_spending\", \"sector_analysis\", \"investment_bank_view\"]', 'J.P. Morgan sees a largely positive outlook for aerospace, supported by strong production backlogs, rising air travel, and aftermarket demand, while maintaining a more cautious stance on defense. Boeing and several aerospace suppliers are highlighted as top picks, benefiting from production growth and margin expansion. In defense, increased global spending is offset by U.S. political uncertainty and execution risks, leading to greater selectivity and a downgrade of Lockheed Martin. Overall, the sector is positioned well for 2026, but outcomes are expected to diverge across companies.', '{\"url\": \"[https://seekingalpha.com/news/4533852-j-p-morgan-sees-mostly-positive-outlook-for-aerospace-mixed-signals-for-defense](https://seekingalpha.com/news/4533852-j-p-morgan-sees-mostly-positive-outlook-for-aerospace-mixed-signals-for-defense)\", \"tags\": [\"aerospace_outlook\", \"aftermarket_demand\", \"defense_spending\", \"sector_analysis\", \"investment_bank_view\"], \"recap\": \"J.P. Morgan sees a largely positive outlook for aerospace, supported by strong production backlogs, rising air travel, and aftermarket demand, while maintaining a more cautious stance on defense. Boeing and several aerospace suppliers are highlighted as top picks, benefiting from production growth and margin expansion. In defense, increased global spending is offset by U.S. political uncertainty and execution risks, leading to greater selectivity and a downgrade of Lockheed Martin. Overall, the sector is positioned well for 2026, but outcomes are expected to diverge across companies.\", \"title\": \"J.P. Morgan sees mostly positive outlook for aerospace, mixed signals for defense\", \"source\": \"seeking_alpha\", \"drivers\": [{\"title\": \"Strong aerospace demand\", \"detail\": \"Multi-year production backlogs, rising air traffic, and an aging fleet support sustained growth across OEMs and aftermarket services.\", \"evidence\": [\"multi-year production backlogs at Boeing and Airbus\", \"sustained growth in global air traffic\"], \"direction\": \"bullish\", \"impact_score\": 4}, {\"title\": \"Aftermarket capacity constraints\", \"detail\": \"Engine maintenance capacity limits are expected to underpin aftermarket growth and margin expansion.\", \"evidence\": [\"aftermarket, particularly in engine maintenance, where capacity constraints remain significant\"], \"direction\": \"bullish\", \"impact_score\": 3}, {\"title\": \"Boeing top pick\", \"detail\": \"J.P. Morgan highlights Boeing for improving production and a path toward materially higher cash flow later in the decade.\", \"evidence\": [\"Boeing remains a top pick\", \"path toward materially higher cash flow later in the decade\"], \"direction\": \"bullish\", \"impact_score\": 3}, {\"title\": \"Selective defense exposure\", \"detail\": \"Rising global military spending supports the sector, but benefits vary by company and program execution.\", \"evidence\": [\"global military spending is rising\", \"investors should be increasingly selective\"], \"direction\": \"neutral\", \"impact_score\": 1}, {\"title\": \"Defense policy uncertainty\", \"detail\": \"U.S. political dynamics and a push toward non-traditional contractors complicate the outlook for large defense primes.\", \"evidence\": [\"U.S. political backdrop introduces uncertainty\", \"push to broaden the defense industrial base\"], \"direction\": \"bearish\", \"impact_score\": -3}, {\"title\": \"Lockheed downgraded\", \"detail\": \"Lockheed Martin was downgraded due to concerns about long-term free cash flow growth and execution risks.\", \"evidence\": [\"downgraded Lockheed Martin to Neutral\", \"concerns about longer-term free cash flow growth\"], \"direction\": \"bearish\", \"impact_score\": -3}], \"tickers\": [\"XLI\", \"GE\", \"BA\", \"LMT\", \"HWM\", \"LHX\", \"ATI\", \"LDOS\", \"SARO\", \"EADSF\", \"EADSY\"], \"key_dates\": [], \"sentiment\": \"mixed\", \"author_url\": null, \"confidence\": 75, \"read_grade\": 4, \"author_name\": null, \"captured_at\": \"2025-12-30T15:42:47.679Z\", \"published_at\": \"2025-12-21T11:32:15-05:00\", \"author_followers\": null}'),
(9, 'seeking_alpha', 'https://seekingalpha.com/article/4856415-merck-a-post-2028-slowdown-doesnt-kill-the-long-term-thesis', 0x63d132e6f96f129d0cde4e134bf10b95738e4cfb82b7aad57a5f14703d62c4d4, 'Merck: A Post-2028 Slowdown Doesn\'t Kill The Long-Term Thesis', '2025-12-30 12:03:49', '2025-12-30 18:18:47', '2025-12-30 19:19:39', 'Kenio Fontes', 'https://seekingalpha.com/author/kenio-fontes#source=url_first_level%3Aarticle%7Csection%3Aauthor_brief%3Akenio-fontes%7Csection_asset%3Aauthor_brief%7Cauthor_name', 1740, 'mixed', 71, 4, '[\"MRK\"]', '[{\"title\": \"Keytruda patent expiry risk\", \"detail\": \"Keytruda represents over half of Mercks Human Health revenue, with U.S. exclusivity ending in mid-2028, creating material post-2028 uncertainty.\", \"evidence\": [\"$8.1 billion came from Keytruda\", \"exclusivity in the United States will end in mid-2028\"], \"direction\": \"bearish\", \"impact_score\": -4}, {\"title\": \"Pipeline optionality beyond Keytruda\", \"detail\": \"Mercks pipeline includes multiple phase 2 and 3 assets and line extensions like Keytruda Qlex that may partially offset post-expiry declines.\", \"evidence\": [\"Keytruda Qlex is already moving toward FDA approval\", \"several drugs in phase 2 and phase 3 in its pipeline\"], \"direction\": \"bullish\", \"impact_score\": 3}, {\"title\": \"Animal Health growth\", \"detail\": \"The Animal Health division is a growing and increasingly meaningful contributor, offering diversification outside Human Health.\", \"evidence\": [\"$1.6 billion came from Animal Health\", \"a division that is growing significantly\"], \"direction\": \"bullish\", \"impact_score\": 2}, {\"title\": \"Strong margins and cash flow\", \"detail\": \"High gross margins and declining operating expenses provide flexibility for R&D investment, dividends, and buybacks.\", \"evidence\": [\"gross margin was 81.9% in Q3\", \"operating expenses fell 22% even though revenue increased\"], \"direction\": \"bullish\", \"impact_score\": 3}, {\"title\": \"Valuation asymmetry\", \"detail\": \"Scenario analysis suggests limited downside in conservative cases and meaningful upside if execution improves post-2028.\", \"evidence\": [\"downside of -28% for Merck stock\", \"possible upside of 45% in more favorable scenarios\"], \"direction\": \"neutral\", \"impact_score\": 0}]', '[{\"date\": \"2028-06-30\", \"type\": \"LOE\", \"horizon\": \"mid_term\", \"tickers\": [\"MRK\"], \"description\": \"U.S. exclusivity for Keytruda expires, increasing competitive and revenue risks.\"}]', '[\"pharmaceuticals\", \"patent_expiry\", \"oncology\", \"drug_pipeline\", \"valuation_analysis\", \"dividends\"]', 'Merck faces material risk from the U.S. patent expiry of Keytruda in mid-2028, given its outsized contribution to revenue. However, growth in Animal Health, a diversified late-stage pipeline, and potential line extensions offer optionality. Strong margins and cash flow support continued R&D investment, dividends, and buybacks. Scenario analysis suggests asymmetric outcomes, with meaningful downside in conservative cases but notable upside if the company successfully adapts post-2028.', '{\"url\": \"[https://seekingalpha.com/article/4856415-merck-a-post-2028-slowdown-doesnt-kill-the-long-term-thesis](https://seekingalpha.com/article/4856415-merck-a-post-2028-slowdown-doesnt-kill-the-long-term-thesis)\", \"tags\": [\"pharmaceuticals\", \"patent_expiry\", \"oncology\", \"drug_pipeline\", \"valuation_analysis\", \"dividends\"], \"recap\": \"Merck faces material risk from the U.S. patent expiry of Keytruda in mid-2028, given its outsized contribution to revenue. However, growth in Animal Health, a diversified late-stage pipeline, and potential line extensions offer optionality. Strong margins and cash flow support continued R&D investment, dividends, and buybacks. Scenario analysis suggests asymmetric outcomes, with meaningful downside in conservative cases but notable upside if the company successfully adapts post-2028.\", \"title\": \"Merck: A Post-2028 Slowdown Doesn\'t Kill The Long-Term Thesis\", \"source\": \"seeking_alpha\", \"drivers\": [{\"title\": \"Keytruda patent expiry risk\", \"detail\": \"Keytruda represents over half of Mercks Human Health revenue, with U.S. exclusivity ending in mid-2028, creating material post-2028 uncertainty.\", \"evidence\": [\"$8.1 billion came from Keytruda\", \"exclusivity in the United States will end in mid-2028\"], \"direction\": \"bearish\", \"impact_score\": -4}, {\"title\": \"Pipeline optionality beyond Keytruda\", \"detail\": \"Mercks pipeline includes multiple phase 2 and 3 assets and line extensions like Keytruda Qlex that may partially offset post-expiry declines.\", \"evidence\": [\"Keytruda Qlex is already moving toward FDA approval\", \"several drugs in phase 2 and phase 3 in its pipeline\"], \"direction\": \"bullish\", \"impact_score\": 3}, {\"title\": \"Animal Health growth\", \"detail\": \"The Animal Health division is a growing and increasingly meaningful contributor, offering diversification outside Human Health.\", \"evidence\": [\"$1.6 billion came from Animal Health\", \"a division that is growing significantly\"], \"direction\": \"bullish\", \"impact_score\": 2}, {\"title\": \"Strong margins and cash flow\", \"detail\": \"High gross margins and declining operating expenses provide flexibility for R&D investment, dividends, and buybacks.\", \"evidence\": [\"gross margin was 81.9% in Q3\", \"operating expenses fell 22% even though revenue increased\"], \"direction\": \"bullish\", \"impact_score\": 3}, {\"title\": \"Valuation asymmetry\", \"detail\": \"Scenario analysis suggests limited downside in conservative cases and meaningful upside if execution improves post-2028.\", \"evidence\": [\"downside of -28% for Merck stock\", \"possible upside of 45% in more favorable scenarios\"], \"direction\": \"neutral\", \"impact_score\": 0}], \"tickers\": [\"MRK\"], \"key_dates\": [{\"date\": \"2028-06-30\", \"type\": \"LOE\", \"horizon\": \"mid_term\", \"tickers\": [\"MRK\"], \"description\": \"U.S. exclusivity for Keytruda expires, increasing competitive and revenue risks.\"}], \"sentiment\": \"mixed\", \"author_url\": \"[https://seekingalpha.com/author/kenio-fontes#source=url_first_level%3Aarticle%7Csection%3Aauthor_brief%3Akenio-fontes%7Csection_asset%3Aauthor_brief%7Cauthor_name](https://seekingalpha.com/author/kenio-fontes#source=url_first_level%3Aarticle%7Csection%3Aauthor_brief%3Akenio-fontes%7Csection_asset%3Aauthor_brief%7Cauthor_name)\", \"confidence\": 71, \"read_grade\": 4, \"author_name\": \"Kenio Fontes\", \"captured_at\": \"2025-12-30T18:18:47.289Z\", \"published_at\": \"2025-12-30T12:03:49-05:00\", \"author_followers\": 1740}'),
(10, 'seeking_alpha', 'https://seekingalpha.com/article/4856370-applied-digital-and-the-ekso-transaction-buy-this-clear-story', 0x6a0e926b50fa81f54ff1ea2534b91f5fe39f39a79e887f45c62af7d89a09e82f, 'Applied Digital And The EKSO Transaction: Buy This Clear Story', '2025-12-30 09:10:31', '2026-01-01 07:46:24', '2025-12-30 19:25:38', 'Symeon Mavroudis', 'https://seekingalpha.com/author/symeon-mavroudis#source=url_first_level%3Aarticle%7Csection%3Aauthor_brief%3Asymeon-mavroudis%7Csection_asset%3Aauthor_brief%7Cauthor_name', 1020, 'bullish', 83, 4, '[\"APLD\"]', '[{\"title\": \"Corporate structure simplification\", \"detail\": \"The separation of the cloud business simplifies the investment thesis into two clearer and more easily valued entities.\", \"evidence\": [\"moving from a mixed and hard-to-value structure into two focused businesses\", \"splitting the businesses makes the story more clear to investors\"], \"direction\": \"bullish\", \"impact_score\": 5}, {\"title\": \"Pure-play AI infrastructure exposure\", \"detail\": \"ChronoScale creates a focused AI infrastructure company with existing customers and revenues.\", \"evidence\": [\"new company will be called ChronoScale\", \"focus only on AI infrastructure\", \"existing customers and revenues\"], \"direction\": \"bullish\", \"impact_score\": 4}, {\"title\": \"Improved funding optionality\", \"detail\": \"Distinct business profiles allow each entity to attract capital from different investor bases under more suitable terms.\", \"evidence\": [\"opportunity to have access to funding options\", \"each business can now attract capital with different terms\"], \"direction\": \"bullish\", \"impact_score\": 3}, {\"title\": \"Strong revenue growth momentum\", \"detail\": \"Recent financial results show accelerating revenues driven by tangible infrastructure activity.\", \"evidence\": [\"revenues in the first quarter of fiscal 2026 stood at $64.2 million\", \"+84% from a year ago\"], \"direction\": \"bullish\", \"impact_score\": 3}, {\"title\": \"Early operating leverage emerging\", \"detail\": \"Adjusted EBITDA turned positive, indicating early signs of operating leverage amid heavy investment.\", \"evidence\": [\"adjusted EBITDA reached $0.5 million\", \"intensity of investments is gradually starting to be balanced\"], \"direction\": \"neutral\", \"impact_score\": 0}, {\"title\": \"Execution and leverage risk\", \"detail\": \"Large-scale data center expansion and elevated debt levels increase execution and financial risk.\", \"evidence\": [\"simultaneous development of multiple data centers increases complexity\", \"total debt is $687.3 million\"], \"direction\": \"bearish\", \"impact_score\": -2}]', '[{\"date\": \"2026-06-30\", \"type\": \"M&A\", \"horizon\": \"mid_term\", \"tickers\": [\"APLD\"], \"description\": \"Expected closing of the EKSO transaction and formation of ChronoScale, subject to approvals.\"}]', '[\"ai_infrastructure\", \"corporate_restructuring\", \"data_centers\", \"spin_off\", \"revenue_growth\", \"execution_risk\"]', 'Applied Digital is reshaping its investment profile by separating its cloud business into a new AI-focused entity, ChronoScale, while retaining a stable data center infrastructure operation. The transaction simplifies valuation, improves funding flexibility, and provides direct exposure to AI infrastructure demand. Strong recent revenue growth and early operating leverage support the thesis, though execution complexity and elevated leverage remain key risks as the company scales.', '{\"url\": \"[https://seekingalpha.com/article/4856370-applied-digital-and-the-ekso-transaction-buy-this-clear-story](https://seekingalpha.com/article/4856370-applied-digital-and-the-ekso-transaction-buy-this-clear-story)\", \"tags\": [\"ai_infrastructure\", \"corporate_restructuring\", \"data_centers\", \"spin_off\", \"revenue_growth\", \"execution_risk\"], \"recap\": \"Applied Digital is reshaping its investment profile by separating its cloud business into a new AI-focused entity, ChronoScale, while retaining a stable data center infrastructure operation. The transaction simplifies valuation, improves funding flexibility, and provides direct exposure to AI infrastructure demand. Strong recent revenue growth and early operating leverage support the thesis, though execution complexity and elevated leverage remain key risks as the company scales.\", \"title\": \"Applied Digital And The EKSO Transaction: Buy This Clear Story\", \"source\": \"seeking_alpha\", \"drivers\": [{\"title\": \"Corporate structure simplification\", \"detail\": \"The separation of the cloud business simplifies the investment thesis into two clearer and more easily valued entities.\", \"evidence\": [\"moving from a mixed and hard-to-value structure into two focused businesses\", \"splitting the businesses makes the story more clear to investors\"], \"direction\": \"bullish\", \"impact_score\": 5}, {\"title\": \"Pure-play AI infrastructure exposure\", \"detail\": \"ChronoScale creates a focused AI infrastructure company with existing customers and revenues.\", \"evidence\": [\"new company will be called ChronoScale\", \"focus only on AI infrastructure\", \"existing customers and revenues\"], \"direction\": \"bullish\", \"impact_score\": 4}, {\"title\": \"Improved funding optionality\", \"detail\": \"Distinct business profiles allow each entity to attract capital from different investor bases under more suitable terms.\", \"evidence\": [\"opportunity to have access to funding options\", \"each business can now attract capital with different terms\"], \"direction\": \"bullish\", \"impact_score\": 3}, {\"title\": \"Strong revenue growth momentum\", \"detail\": \"Recent financial results show accelerating revenues driven by tangible infrastructure activity.\", \"evidence\": [\"revenues in the first quarter of fiscal 2026 stood at $64.2 million\", \"+84% from a year ago\"], \"direction\": \"bullish\", \"impact_score\": 3}, {\"title\": \"Early operating leverage emerging\", \"detail\": \"Adjusted EBITDA turned positive, indicating early signs of operating leverage amid heavy investment.\", \"evidence\": [\"adjusted EBITDA reached $0.5 million\", \"intensity of investments is gradually starting to be balanced\"], \"direction\": \"neutral\", \"impact_score\": 0}, {\"title\": \"Execution and leverage risk\", \"detail\": \"Large-scale data center expansion and elevated debt levels increase execution and financial risk.\", \"evidence\": [\"simultaneous development of multiple data centers increases complexity\", \"total debt is $687.3 million\"], \"direction\": \"bearish\", \"impact_score\": -2}], \"tickers\": [\"APLD\"], \"key_dates\": [{\"date\": \"2026-06-30\", \"type\": \"M&A\", \"horizon\": \"mid_term\", \"tickers\": [\"APLD\"], \"description\": \"Expected closing of the EKSO transaction and formation of ChronoScale, subject to approvals.\"}], \"sentiment\": \"bullish\", \"author_url\": \"[https://seekingalpha.com/author/symeon-mavroudis#source=url_first_level%3Aarticle%7Csection%3Aauthor_brief%3Asymeon-mavroudis%7Csection_asset%3Aauthor_brief%7Cauthor_name](https://seekingalpha.com/author/symeon-mavroudis#source=url_first_level%3Aarticle%7Csection%3Aauthor_brief%3Asymeon-mavroudis%7Csection_asset%3Aauthor_brief%7Cauthor_name)\", \"confidence\": 83, \"read_grade\": 4, \"author_name\": \"Symeon Mavroudis\", \"captured_at\": \"2026-01-01T07:46:24.574Z\", \"published_at\": \"2025-12-30T09:10:31-05:00\", \"author_followers\": 1020}'),
(11, 'seeking_alpha', 'https://seekingalpha.com/article/4854804-top-beaten-down-data-center-infrastructure-stocks', 0x56c25b419aa1b2ba8a42558f83ff1d1030a510919c426079a7746f4f0893f18b, 'Top Beaten-Down Data Center Infrastructure Stocks', '2025-12-21 08:00:00', '2025-12-30 18:34:59', '2025-12-30 19:36:29', 'Steven Cress, Quant Team', 'https://seekingalpha.com/author/steven-cress-quant-team#source=url_first_level%3Aarticle%7Csection%3Aauthor_brief%3Asteven-cress-quant-team%7Csection_asset%3Aauthor_brief%7Cauthor_name', NULL, 'bullish', 58, 3, '[\"AMD\", \"APLD\", \"FN\", \"JCI\"]', '[{\"title\": \"Sector selloff creates opportunity\", \"detail\": \"Heightened tech volatility has driven sharp pullbacks in data center stocks, potentially creating attractive entry points.\", \"evidence\": [\"Tech sector volatility has hammered data center stocks\", \"creating pockets of opportunity for buyers\"], \"direction\": \"bullish\", \"impact_score\": 2}, {\"title\": \"Strong AI infrastructure demand\", \"detail\": \"Data centers remain central to AI infrastructure with strong long-term growth forecasts.\", \"evidence\": [\"Data centers sit at the heart of AI infrastructure\", \"market forecast to grow about 25.6% annually through 2034\"], \"direction\": \"bullish\", \"impact_score\": 3}, {\"title\": \"Quant strong buy signals\", \"detail\": \"Seeking Alpha Quant highlights several data center stocks with Strong Buy ratings and solid factor grades.\", \"evidence\": [\"SA Quant has identified four key data center infrastructure stocks\", \"Quant \\\"Strong Buy\\\" ratings and excellent factor grades\"], \"direction\": \"bullish\", \"impact_score\": 2}, {\"title\": \"Recent price weakness\", \"detail\": \"The highlighted stocks have fallen meaningfully from recent highs, reflecting near-term market pressure.\", \"evidence\": [\"have fallen off their 52-week highs\", \"beaten-down data center infrastructure stocks\"], \"direction\": \"neutral\", \"impact_score\": 0}]', '[]', '[\"data_centers\", \"ai_infrastructure\", \"tech_volatility\", \"quant_ratings\", \"sector_rotation\"]', 'Tech-sector volatility in Q4 has driven significant pullbacks in data center infrastructure stocks. Despite near-term weakness, long-term demand remains supported by rapid growth in AI workloads and expanding data center needs. Seeking Alpha Quant highlights several data center names with Strong Buy ratings and solid factor grades that have retreated from recent highs, framing the selloff as a potential opportunity within a structurally growing segment.', '{\"url\": \"[https://seekingalpha.com/article/4854804-top-beaten-down-data-center-infrastructure-stocks](https://seekingalpha.com/article/4854804-top-beaten-down-data-center-infrastructure-stocks)\", \"tags\": [\"data_centers\", \"ai_infrastructure\", \"tech_volatility\", \"quant_ratings\", \"sector_rotation\"], \"recap\": \"Tech-sector volatility in Q4 has driven significant pullbacks in data center infrastructure stocks. Despite near-term weakness, long-term demand remains supported by rapid growth in AI workloads and expanding data center needs. Seeking Alpha Quant highlights several data center names with Strong Buy ratings and solid factor grades that have retreated from recent highs, framing the selloff as a potential opportunity within a structurally growing segment.\", \"title\": \"Top Beaten-Down Data Center Infrastructure Stocks\", \"source\": \"seeking_alpha\", \"drivers\": [{\"title\": \"Sector selloff creates opportunity\", \"detail\": \"Heightened tech volatility has driven sharp pullbacks in data center stocks, potentially creating attractive entry points.\", \"evidence\": [\"Tech sector volatility has hammered data center stocks\", \"creating pockets of opportunity for buyers\"], \"direction\": \"bullish\", \"impact_score\": 2}, {\"title\": \"Strong AI infrastructure demand\", \"detail\": \"Data centers remain central to AI infrastructure with strong long-term growth forecasts.\", \"evidence\": [\"Data centers sit at the heart of AI infrastructure\", \"market forecast to grow about 25.6% annually through 2034\"], \"direction\": \"bullish\", \"impact_score\": 3}, {\"title\": \"Quant strong buy signals\", \"detail\": \"Seeking Alpha Quant highlights several data center stocks with Strong Buy ratings and solid factor grades.\", \"evidence\": [\"SA Quant has identified four key data center infrastructure stocks\", \"Quant \\\"Strong Buy\\\" ratings and excellent factor grades\"], \"direction\": \"bullish\", \"impact_score\": 2}, {\"title\": \"Recent price weakness\", \"detail\": \"The highlighted stocks have fallen meaningfully from recent highs, reflecting near-term market pressure.\", \"evidence\": [\"have fallen off their 52-week highs\", \"beaten-down data center infrastructure stocks\"], \"direction\": \"neutral\", \"impact_score\": 0}], \"tickers\": [], \"key_dates\": [], \"sentiment\": \"bullish\", \"author_url\": \"[https://seekingalpha.com/author/steven-cress-quant-team#source=url_first_level%3Aarticle%7Csection%3Aauthor_brief%3Asteven-cress-quant-team%7Csection_asset%3Aauthor_brief%7Cauthor_name](https://seekingalpha.com/author/steven-cress-quant-team#source=url_first_level%3Aarticle%7Csection%3Aauthor_brief%3Asteven-cress-quant-team%7Csection_asset%3Aauthor_brief%7Cauthor_name)\", \"confidence\": 58, \"read_grade\": 3, \"author_name\": \"Steven Cress, Quant Team\", \"captured_at\": \"2025-12-30T18:34:59.318Z\", \"published_at\": \"2025-12-21T08:00:00-05:00\", \"author_followers\": null}'),
(12, 'seeking_alpha', 'https://seekingalpha.com/article/4854221-western-digital-memory-cycle-recovery-makes-this-undervalued-stock-hard-ignore', 0x684bb499a69a98f1b954faf62b31ad6686d0810fe5bc0717af34aac93677a37e, 'Western Digital: Memory Cycle Recovery Makes This Undervalued Stock Hard To Ignore', '2025-12-17 21:19:12', '2025-12-30 18:40:07', '2025-12-30 19:41:31', 'The J Thesis', 'https://seekingalpha.com/author/the-j-thesis#source=url_first_level%3Aarticle%7Csection%3Aauthor_brief%3Athe-j-thesis%7Csection_asset%3Aauthor_brief%7Cauthor_name', 1370, 'bullish', 84, 4, '[\"WDC\"]', '[{\"title\": \"AI-driven revenue surge\", \"detail\": \"AI-powered cloud and computing demand has driven rapid top-line growth, significantly outperforming sector peers.\", \"evidence\": [\"revenue has grown by 75% over the past 12 months\", \"outperformance versus the sector median\"], \"direction\": \"bullish\", \"impact_score\": 4}, {\"title\": \"Cloud revenue acceleration\", \"detail\": \"Cloud-related demand delivered strong growth and now represents the majority of total revenue.\", \"evidence\": [\"$2.51 billion in cloud revenue\", \"32% growth versus Q1 2025\", \"accounted for about 89% of total revenue\"], \"direction\": \"bullish\", \"impact_score\": 4}, {\"title\": \"Margin and EPS expansion\", \"detail\": \"Operational efficiency improvements led to sharp margin expansion and outsized EPS growth.\", \"evidence\": [\"gross margin reached 43.9%\", \"diluted EPS came in at $1.78, more than a 100% surge YoY\"], \"direction\": \"bullish\", \"impact_score\": 3}, {\"title\": \"Free cash flow turnaround\", \"detail\": \"Free cash flow swung sharply positive, strengthening financial flexibility.\", \"evidence\": [\"reported $599 million in FCF\", \"negative $14 million a year ago\"], \"direction\": \"bullish\", \"impact_score\": 3}, {\"title\": \"Attractive valuation metrics\", \"detail\": \"Despite a major rally, valuation multiples remain discounted relative to peers on growth-adjusted metrics.\", \"evidence\": [\"forward PEG of 1.04\", \"discounted by 39% versus the sector median\"], \"direction\": \"bullish\", \"impact_score\": 2}, {\"title\": \"Cloud concentration risk\", \"detail\": \"Heavy reliance on AI-driven cloud demand increases sensitivity to changes in cloud spending sentiment.\", \"evidence\": [\"cloud segment accounted for about 89% of total revenue\", \"dependency on the AI-related theme\"], \"direction\": \"bearish\", \"impact_score\": -2}]', '[]', '[\"western_digital\", \"ai_demand\", \"cloud_infrastructure\", \"memory_cycle\", \"free_cash_flow\", \"valuation\"]', 'Western Digital is benefiting from a strong recovery in the memory cycle, driven by AI-related cloud demand that has delivered rapid revenue growth, margin expansion, and a sharp rebound in free cash flow. Despite a substantial stock rally, valuation metrics remain attractive relative to peers. Risks include heavy reliance on cloud and AI spending, but strong execution, improving profitability, and balance sheet flexibility support continued momentum.', '{\"url\": \"[https://seekingalpha.com/article/4854221-western-digital-memory-cycle-recovery-makes-this-undervalued-stock-hard-ignore](https://seekingalpha.com/article/4854221-western-digital-memory-cycle-recovery-makes-this-undervalued-stock-hard-ignore)\", \"tags\": [\"western_digital\", \"ai_demand\", \"cloud_infrastructure\", \"memory_cycle\", \"free_cash_flow\", \"valuation\"], \"recap\": \"Western Digital is benefiting from a strong recovery in the memory cycle, driven by AI-related cloud demand that has delivered rapid revenue growth, margin expansion, and a sharp rebound in free cash flow. Despite a substantial stock rally, valuation metrics remain attractive relative to peers. Risks include heavy reliance on cloud and AI spending, but strong execution, improving profitability, and balance sheet flexibility support continued momentum.\", \"title\": \"Western Digital: Memory Cycle Recovery Makes This Undervalued Stock Hard To Ignore\", \"source\": \"seeking_alpha\", \"drivers\": [{\"title\": \"AI-driven revenue surge\", \"detail\": \"AI-powered cloud and computing demand has driven rapid top-line growth, significantly outperforming sector peers.\", \"evidence\": [\"revenue has grown by 75% over the past 12 months\", \"outperformance versus the sector median\"], \"direction\": \"bullish\", \"impact_score\": 4}, {\"title\": \"Cloud revenue acceleration\", \"detail\": \"Cloud-related demand delivered strong growth and now represents the majority of total revenue.\", \"evidence\": [\"$2.51 billion in cloud revenue\", \"32% growth versus Q1 2025\", \"accounted for about 89% of total revenue\"], \"direction\": \"bullish\", \"impact_score\": 4}, {\"title\": \"Margin and EPS expansion\", \"detail\": \"Operational efficiency improvements led to sharp margin expansion and outsized EPS growth.\", \"evidence\": [\"gross margin reached 43.9%\", \"diluted EPS came in at $1.78, more than a 100% surge YoY\"], \"direction\": \"bullish\", \"impact_score\": 3}, {\"title\": \"Free cash flow turnaround\", \"detail\": \"Free cash flow swung sharply positive, strengthening financial flexibility.\", \"evidence\": [\"reported $599 million in FCF\", \"negative $14 million a year ago\"], \"direction\": \"bullish\", \"impact_score\": 3}, {\"title\": \"Attractive valuation metrics\", \"detail\": \"Despite a major rally, valuation multiples remain discounted relative to peers on growth-adjusted metrics.\", \"evidence\": [\"forward PEG of 1.04\", \"discounted by 39% versus the sector median\"], \"direction\": \"bullish\", \"impact_score\": 2}, {\"title\": \"Cloud concentration risk\", \"detail\": \"Heavy reliance on AI-driven cloud demand increases sensitivity to changes in cloud spending sentiment.\", \"evidence\": [\"cloud segment accounted for about 89% of total revenue\", \"dependency on the AI-related theme\"], \"direction\": \"bearish\", \"impact_score\": -2}], \"tickers\": [\"WDC\"], \"key_dates\": [], \"sentiment\": \"bullish\", \"author_url\": \"[https://seekingalpha.com/author/the-j-thesis#source=url_first_level%3Aarticle%7Csection%3Aauthor_brief%3Athe-j-thesis%7Csection_asset%3Aauthor_brief%7Cauthor_name](https://seekingalpha.com/author/the-j-thesis#source=url_first_level%3Aarticle%7Csection%3Aauthor_brief%3Athe-j-thesis%7Csection_asset%3Aauthor_brief%7Cauthor_name)\", \"confidence\": 84, \"read_grade\": 4, \"author_name\": \"The J Thesis\", \"captured_at\": \"2025-12-30T18:40:07.306Z\", \"published_at\": \"2025-12-17T21:19:12-05:00\", \"author_followers\": 1370}'),
(13, 'seeking_alpha', 'https://seekingalpha.com/article/4855331-astera-labs-why-2026-could-be-the-breakout-year', 0x74aae402e79c18263481803831a90ab19429d8047d2448d37e01b9e1b98810b3, 'Astera Labs: Why 2026 Could Be The Breakout Year', '2025-12-23 06:12:44', '2025-12-30 19:31:33', '2025-12-30 20:32:35', 'Pythia Research', 'https://seekingalpha.com/author/pythia-research#source=url_first_level%3Aarticle%7Csection%3Aauthor_brief%3Apythia-research%7Csection_asset%3Aauthor_brief%7Cauthor_name', 6030, 'bullish', 79, 4, '[\"ALAB\"]', '[{\"title\": \"Structural AI connectivity demand\", \"detail\": \"Astera addresses fundamental data movement bottlenecks in large AI clusters, making its solutions increasingly essential rather than optional.\", \"evidence\": [\"capability moves from a performance boost to a basic requirement\", \"as AI clusters grow larger\"], \"direction\": \"bullish\", \"impact_score\": 4}, {\"title\": \"Explosive growth with profitability\", \"detail\": \"Triple-digit revenue growth paired with record operating margins signals strong operating leverage and durable demand.\", \"evidence\": [\"revenue of $230.6 million for the third quarter of 2025\", \"yearly growth of 104%\", \"record non-GAAP operating margin of 41.7%\"], \"direction\": \"bullish\", \"impact_score\": 5}, {\"title\": \"Shift to scale-up architectures\", \"detail\": \"The transition from retimers to Scorpio scale-up fabrics materially increases dollar content per rack and strategic importance.\", \"evidence\": [\"valuation is less dependent on the retimer business\", \"more dependent on the scale-up business and the Scorpio family\"], \"direction\": \"bullish\", \"impact_score\": 4}, {\"title\": \"Product roadmap visibility\", \"detail\": \"Scorpio scale-up products are expected to persist across multiple system generations, improving long-term revenue visibility.\", \"evidence\": [\"Scorpio X-Series products are set to enter production systems late in 2025\", \"remain in use through several system architectures\"], \"direction\": \"bullish\", \"impact_score\": 3}, {\"title\": \"Open standards flexibility\", \"detail\": \"Support for PCIe and UALink reduces binary risk and broadens Asteras addressable market across accelerator ecosystems.\", \"evidence\": [\"adherence to standards such as PCIe and UALink\", \"not relying on any one standard being dominant\"], \"direction\": \"bullish\", \"impact_score\": 3}, {\"title\": \"Execution and valuation risk\", \"detail\": \"High expectations embedded in valuation leave limited room for delays or hyperscaler spending volatility.\", \"evidence\": [\"valuation leaves little margin for error\", \"execution risk and customer concentration\"], \"direction\": \"bearish\", \"impact_score\": -2}]', '[]', '[\"ai_infrastructure\", \"semiconductors\", \"data_center_connectivity\", \"scale_up_architectures\", \"hyperscalers\", \"high_growth\"]', 'Astera Labs is evolving from a component supplier into a core AI infrastructure player as scale-up connectivity becomes essential in large AI systems. Strong revenue growth and record margins indicate structural demand and operating leverage. A shift toward higher-value scale-up fabrics, open-standards flexibility, and expanding product scope support long-term relevance. While valuation assumes continued execution and hyperscaler spending, Asteras positioning at critical AI control points underpins a bullish long-term outlook.', '{\"url\": \"[https://seekingalpha.com/article/4855331-astera-labs-why-2026-could-be-the-breakout-year](https://seekingalpha.com/article/4855331-astera-labs-why-2026-could-be-the-breakout-year)\", \"tags\": [\"ai_infrastructure\", \"semiconductors\", \"data_center_connectivity\", \"scale_up_architectures\", \"hyperscalers\", \"high_growth\"], \"recap\": \"Astera Labs is evolving from a component supplier into a core AI infrastructure player as scale-up connectivity becomes essential in large AI systems. Strong revenue growth and record margins indicate structural demand and operating leverage. A shift toward higher-value scale-up fabrics, open-standards flexibility, and expanding product scope support long-term relevance. While valuation assumes continued execution and hyperscaler spending, Asteras positioning at critical AI control points underpins a bullish long-term outlook.\", \"title\": \"Astera Labs: Why 2026 Could Be The Breakout Year\", \"source\": \"seeking_alpha\", \"drivers\": [{\"title\": \"Structural AI connectivity demand\", \"detail\": \"Astera addresses fundamental data movement bottlenecks in large AI clusters, making its solutions increasingly essential rather than optional.\", \"evidence\": [\"capability moves from a performance boost to a basic requirement\", \"as AI clusters grow larger\"], \"direction\": \"bullish\", \"impact_score\": 4}, {\"title\": \"Explosive growth with profitability\", \"detail\": \"Triple-digit revenue growth paired with record operating margins signals strong operating leverage and durable demand.\", \"evidence\": [\"revenue of $230.6 million for the third quarter of 2025\", \"yearly growth of 104%\", \"record non-GAAP operating margin of 41.7%\"], \"direction\": \"bullish\", \"impact_score\": 5}, {\"title\": \"Shift to scale-up architectures\", \"detail\": \"The transition from retimers to Scorpio scale-up fabrics materially increases dollar content per rack and strategic importance.\", \"evidence\": [\"valuation is less dependent on the retimer business\", \"more dependent on the scale-up business and the Scorpio family\"], \"direction\": \"bullish\", \"impact_score\": 4}, {\"title\": \"Product roadmap visibility\", \"detail\": \"Scorpio scale-up products are expected to persist across multiple system generations, improving long-term revenue visibility.\", \"evidence\": [\"Scorpio X-Series products are set to enter production systems late in 2025\", \"remain in use through several system architectures\"], \"direction\": \"bullish\", \"impact_score\": 3}, {\"title\": \"Open standards flexibility\", \"detail\": \"Support for PCIe and UALink reduces binary risk and broadens Asteras addressable market across accelerator ecosystems.\", \"evidence\": [\"adherence to standards such as PCIe and UALink\", \"not relying on any one standard being dominant\"], \"direction\": \"bullish\", \"impact_score\": 3}, {\"title\": \"Execution and valuation risk\", \"detail\": \"High expectations embedded in valuation leave limited room for delays or hyperscaler spending volatility.\", \"evidence\": [\"valuation leaves little margin for error\", \"execution risk and customer concentration\"], \"direction\": \"bearish\", \"impact_score\": -2}], \"tickers\": [\"ALAB\"], \"key_dates\": [], \"sentiment\": \"bullish\", \"author_url\": \"[https://seekingalpha.com/author/pythia-research#source=url_first_level%3Aarticle%7Csection%3Aauthor_brief%3Apythia-research%7Csection_asset%3Aauthor_brief%7Cauthor_name](https://seekingalpha.com/author/pythia-research#source=url_first_level%3Aarticle%7Csection%3Aauthor_brief%3Apythia-research%7Csection_asset%3Aauthor_brief%7Cauthor_name)\", \"confidence\": 79, \"read_grade\": 4, \"author_name\": \"Pythia Research\", \"captured_at\": \"2025-12-30T19:31:33.247Z\", \"published_at\": \"2025-12-23T06:12:44-05:00\", \"author_followers\": 6030}'),
(14, 'seeking_alpha', 'https://seekingalpha.com/article/4856440-the-best-mid-caps-may-achieve-sweet-spot-status-in-2026', 0xdff7e1e9790634c5bbdb9d965f0ffda9ee9e3fd58f51d1db3dbff5d8e2412444, 'The Best Mid-Caps May Achieve \'Sweet Spot\' Status In 2026', '2025-12-30 14:30:34', '2025-12-30 19:47:31', '2025-12-30 20:49:13', 'Steven Cress, Quant Team', 'https://seekingalpha.com/author/steven-cress-quant-team#source=url_first_level%3Aarticle%7Csection%3Aauthor_brief%3Asteven-cress-quant-team%7Csection_asset%3Aauthor_brief%7Cauthor_name', NULL, 'bullish', 55, 3, '[\"COMM\", \"TTMI\", \"HCI\"]', '[{\"title\": \"Mid-cap risk-reward balance\", \"detail\": \"Mid-cap stocks offer a balance of growth potential and operational stability that may outperform other market segments.\", \"evidence\": [\"mid-cap stocks have been called the markets \\\"sweet spot\\\"\", \"combine the growth potential of smaller companies with the operational scale\"], \"direction\": \"bullish\", \"impact_score\": 2}, {\"title\": \"Potential 2026 outperformance\", \"detail\": \"Selective mid-cap exposure is positioned to deliver market-leading growth in 2026.\", \"evidence\": [\"may be poised for market-leading growth in the New Year\", \"This combination may return in 2026\"], \"direction\": \"bullish\", \"impact_score\": 2}, {\"title\": \"Defensive infrastructure exposure\", \"detail\": \"Featured stocks emphasize connectivity and defense-linked infrastructure with resilient demand profiles.\", \"evidence\": [\"exposure to essential connectivity and defense-linked infrastructure\", \"demand is often deferred rather than eliminated\"], \"direction\": \"bullish\", \"impact_score\": 1}, {\"title\": \"Selective stock picking\", \"detail\": \"The thesis emphasizes careful selection over broad mid-cap exposure.\", \"evidence\": [\"appeal of mid-cap stocks in 2026 lies in selectivity rather than scale\"], \"direction\": \"neutral\", \"impact_score\": 0}]', '[]', '[\"mid_caps\", \"market_outlook\", \"quant_strategy\", \"defensive_infrastructure\", \"growth_stocks\"]', 'The article argues that mid-cap stocks may regain a performance advantage in 2026 by combining growth potential with operational stability. Selective exposure to mid-cap companies, particularly those tied to essential connectivity and defense-linked infrastructure, is presented as a way to balance upside and risk. The outlook emphasizes disciplined stock selection rather than broad market exposure, positioning mid-caps as a potential market sweet spot.', '{\"url\": \"[https://seekingalpha.com/article/4856440-the-best-mid-caps-may-achieve-sweet-spot-status-in-2026](https://seekingalpha.com/article/4856440-the-best-mid-caps-may-achieve-sweet-spot-status-in-2026)\", \"tags\": [\"mid_caps\", \"market_outlook\", \"quant_strategy\", \"defensive_infrastructure\", \"growth_stocks\"], \"recap\": \"The article argues that mid-cap stocks may regain a performance advantage in 2026 by combining growth potential with operational stability. Selective exposure to mid-cap companies, particularly those tied to essential connectivity and defense-linked infrastructure, is presented as a way to balance upside and risk. The outlook emphasizes disciplined stock selection rather than broad market exposure, positioning mid-caps as a potential market sweet spot.\", \"title\": \"The Best Mid-Caps May Achieve \'Sweet Spot\' Status In 2026\", \"source\": \"seeking_alpha\", \"drivers\": [{\"title\": \"Mid-cap risk-reward balance\", \"detail\": \"Mid-cap stocks offer a balance of growth potential and operational stability that may outperform other market segments.\", \"evidence\": [\"mid-cap stocks have been called the markets \\\"sweet spot\\\"\", \"combine the growth potential of smaller companies with the operational scale\"], \"direction\": \"bullish\", \"impact_score\": 2}, {\"title\": \"Potential 2026 outperformance\", \"detail\": \"Selective mid-cap exposure is positioned to deliver market-leading growth in 2026.\", \"evidence\": [\"may be poised for market-leading growth in the New Year\", \"This combination may return in 2026\"], \"direction\": \"bullish\", \"impact_score\": 2}, {\"title\": \"Defensive infrastructure exposure\", \"detail\": \"Featured stocks emphasize connectivity and defense-linked infrastructure with resilient demand profiles.\", \"evidence\": [\"exposure to essential connectivity and defense-linked infrastructure\", \"demand is often deferred rather than eliminated\"], \"direction\": \"bullish\", \"impact_score\": 1}, {\"title\": \"Selective stock picking\", \"detail\": \"The thesis emphasizes careful selection over broad mid-cap exposure.\", \"evidence\": [\"appeal of mid-cap stocks in 2026 lies in selectivity rather than scale\"], \"direction\": \"neutral\", \"impact_score\": 0}], \"tickers\": [\"COMM\", \"TTMI\", \"HCI\"], \"key_dates\": [], \"sentiment\": \"bullish\", \"author_url\": \"[https://seekingalpha.com/author/steven-cress-quant-team#source=url_first_level%3Aarticle%7Csection%3Aauthor_brief%3Asteven-cress-quant-team%7Csection_asset%3Aauthor_brief%7Cauthor_name](https://seekingalpha.com/author/steven-cress-quant-team#source=url_first_level%3Aarticle%7Csection%3Aauthor_brief%3Asteven-cress-quant-team%7Csection_asset%3Aauthor_brief%7Cauthor_name)\", \"confidence\": 55, \"read_grade\": 3, \"author_name\": \"Steven Cress, Quant Team\", \"captured_at\": \"2025-12-30T19:47:31.951Z\", \"published_at\": \"2025-12-30T14:30:34-05:00\", \"author_followers\": null}');
INSERT INTO `news_article` (`id`, `source`, `url`, `url_hash`, `title`, `published_at`, `captured_at`, `created_at`, `author_name`, `author_url`, `author_followers`, `sentiment`, `confidence`, `read_grade`, `tickers`, `drivers`, `key_dates`, `tags`, `recap`, `raw_json`) VALUES
(15, 'seeking_alpha', 'https://seekingalpha.com/article/4856480-credo-stock-when-connectivity-becomes-critical', 0x1363b10cc80b27d3b75f4cc1c36b39845f31df441a8c2d087c38e4ee73fced8d, 'Credo: When Connectivity Becomes Critical', '2025-12-30 23:51:43', '2025-12-31 15:25:38', '2025-12-31 16:26:33', 'Pythia Research', 'https://seekingalpha.com/author/pythia-research#source=url_first_level%3Aarticle%7Csection%3Aauthor_brief%3Apythia-research%7Csection_asset%3Aauthor_brief%7Cauthor_name', 6050, 'bullish', 80, 4, '[\"CRDO\"]', '[{\"title\": \"Hyperscaler adoption scaling\", \"detail\": \"Credos connectivity solutions are now deployed at scale across multiple hyperscalers, validating its role as core AI infrastructure.\", \"evidence\": [\"record Q2 revenue of $268 million\", \"four hyperscalers each exceeded 10% of revenue\"], \"direction\": \"bullish\", \"impact_score\": 5}, {\"title\": \"Expansion into system-level platform\", \"detail\": \"The company expanded from a single-product focus into five connectivity pillars, increasing strategic relevance and revenue durability.\", \"evidence\": [\"expanded from a single growth engine into five distinct connectivity pillars\", \"system-level AI infrastructure platform\"], \"direction\": \"bullish\", \"impact_score\": 4}, {\"title\": \"Exceptional margin profile\", \"detail\": \"Software-like gross and operating margins highlight strong operating leverage as scale increases.\", \"evidence\": [\"gross margins reached 67.7%\", \"operating margins are rapidly approaching 40%\"], \"direction\": \"bullish\", \"impact_score\": 4}, {\"title\": \"Valuation improves with growth\", \"detail\": \"High headline multiples compress quickly as revenue and earnings scale through 20262028.\", \"evidence\": [\"revenue of about $1.2 billion for 2026\", \"over $2 billion in 2028\"], \"direction\": \"bullish\", \"impact_score\": 3}, {\"title\": \"Timing and execution risk\", \"detail\": \"Non-linear hyperscaler ramps and technology transitions may introduce volatility despite intact long-term demand.\", \"evidence\": [\"customer ramps are not linear\", \"timing slip may trigger sharp volatility\"], \"direction\": \"bearish\", \"impact_score\": -2}]', '[]', '[\"ai_infrastructure\", \"data_center_connectivity\", \"hyperscalers\", \"semiconductors\", \"high_growth\", \"operating_leverage\"]', 'Credo is evolving from a niche connectivity supplier into a system-level AI infrastructure platform, driven by large-scale hyperscaler adoption. Expansion across multiple connectivity pillars, record revenue growth, and software-like margins support a bullish long-term outlook. While valuation appears demanding, rapid revenue and earnings growth are expected to compress multiples over time. Near-term risks center on execution timing and non-linear customer ramps rather than weakening structural demand.', '{\"url\": \"[https://seekingalpha.com/article/4856480-credo-stock-when-connectivity-becomes-critical](https://seekingalpha.com/article/4856480-credo-stock-when-connectivity-becomes-critical)\", \"tags\": [\"ai_infrastructure\", \"data_center_connectivity\", \"hyperscalers\", \"semiconductors\", \"high_growth\", \"operating_leverage\"], \"recap\": \"Credo is evolving from a niche connectivity supplier into a system-level AI infrastructure platform, driven by large-scale hyperscaler adoption. Expansion across multiple connectivity pillars, record revenue growth, and software-like margins support a bullish long-term outlook. While valuation appears demanding, rapid revenue and earnings growth are expected to compress multiples over time. Near-term risks center on execution timing and non-linear customer ramps rather than weakening structural demand.\", \"title\": \"Credo: When Connectivity Becomes Critical\", \"source\": \"seeking_alpha\", \"drivers\": [{\"title\": \"Hyperscaler adoption scaling\", \"detail\": \"Credos connectivity solutions are now deployed at scale across multiple hyperscalers, validating its role as core AI infrastructure.\", \"evidence\": [\"record Q2 revenue of $268 million\", \"four hyperscalers each exceeded 10% of revenue\"], \"direction\": \"bullish\", \"impact_score\": 5}, {\"title\": \"Expansion into system-level platform\", \"detail\": \"The company expanded from a single-product focus into five connectivity pillars, increasing strategic relevance and revenue durability.\", \"evidence\": [\"expanded from a single growth engine into five distinct connectivity pillars\", \"system-level AI infrastructure platform\"], \"direction\": \"bullish\", \"impact_score\": 4}, {\"title\": \"Exceptional margin profile\", \"detail\": \"Software-like gross and operating margins highlight strong operating leverage as scale increases.\", \"evidence\": [\"gross margins reached 67.7%\", \"operating margins are rapidly approaching 40%\"], \"direction\": \"bullish\", \"impact_score\": 4}, {\"title\": \"Valuation improves with growth\", \"detail\": \"High headline multiples compress quickly as revenue and earnings scale through 20262028.\", \"evidence\": [\"revenue of about $1.2 billion for 2026\", \"over $2 billion in 2028\"], \"direction\": \"bullish\", \"impact_score\": 3}, {\"title\": \"Timing and execution risk\", \"detail\": \"Non-linear hyperscaler ramps and technology transitions may introduce volatility despite intact long-term demand.\", \"evidence\": [\"customer ramps are not linear\", \"timing slip may trigger sharp volatility\"], \"direction\": \"bearish\", \"impact_score\": -2}], \"tickers\": [\"CRDO\"], \"key_dates\": [], \"sentiment\": \"bullish\", \"author_url\": \"[https://seekingalpha.com/author/pythia-research#source=url_first_level%3Aarticle%7Csection%3Aauthor_brief%3Apythia-research%7Csection_asset%3Aauthor_brief%7Cauthor_name](https://seekingalpha.com/author/pythia-research#source=url_first_level%3Aarticle%7Csection%3Aauthor_brief%3Apythia-research%7Csection_asset%3Aauthor_brief%7Cauthor_name)\", \"confidence\": 80, \"read_grade\": 4, \"author_name\": \"Pythia Research\", \"captured_at\": \"2025-12-31T15:25:38.720Z\", \"published_at\": \"2025-12-30T23:51:43-05:00\", \"author_followers\": 6050}'),
(16, 'seeking_alpha', 'https://seekingalpha.com/article/4856451-red-metal-rally-top-copper-stocks-for-2026', 0x5e166deb447ddb05d0cedf88b52e3ce4a9130dacdac002eb72a4b29f9b43fda6, 'Red Metal Rally: Top Copper Stocks For 2026', '2025-12-31 05:00:00', '2025-12-31 15:27:15', '2025-12-31 16:28:23', 'Steven Cress, Quant Team', 'https://seekingalpha.com/author/steven-cress-quant-team#source=url_first_level%3Aarticle%7Csection%3Aauthor_brief%3Asteven-cress-quant-team%7Csection_asset%3Aauthor_brief%7Cauthor_name', NULL, 'bullish', 60, 3, '[\"LUNMF\", \"SCCO\", \"ERO\"]', '[{\"title\": \"Strong copper price momentum\", \"detail\": \"Copper prices are experiencing their strongest annual performance since 2009, supporting sector sentiment.\", \"evidence\": [\"copper is on track for its strongest year since 2009\", \"Red Metal Rally\"], \"direction\": \"bullish\", \"impact_score\": 3}, {\"title\": \"Structural demand tailwinds\", \"detail\": \"Long-term demand is supported by AI infrastructure, electric vehicles, and the energy transition.\", \"evidence\": [\"copper sits at the heart of the AI buildout\", \"electric vehicles, and the energy transition\"], \"direction\": \"bullish\", \"impact_score\": 3}, {\"title\": \"Quant strong buy signals\", \"detail\": \"Seeking Alpha Quant identifies multiple copper stocks with Strong Buy ratings.\", \"evidence\": [\"SA Quant identified three copper stocks\", \"Strong Buy ratings\"], \"direction\": \"bullish\", \"impact_score\": 2}, {\"title\": \"Precious metals volatility\", \"detail\": \"Broader precious metals volatility remains a background factor for the commodities complex.\", \"evidence\": [\"recent precious-metals volatility\"], \"direction\": \"neutral\", \"impact_score\": 0}]', '[]', '[\"copper\", \"commodities\", \"ai_infrastructure\", \"energy_transition\", \"quant_ratings\"]', 'Copper prices are on pace for their strongest year since 2009, supported by structural demand from AI infrastructure, electric vehicles, and the global energy transition. Despite volatility in other metals, coppers long-term fundamentals remain strong. Seeking Alpha Quant highlights several copper stocks with Strong Buy ratings that may benefit from sustained demand and favorable supply-demand dynamics heading into 2026.', '{\"url\": \"[https://seekingalpha.com/article/4856451-red-metal-rally-top-copper-stocks-for-2026](https://seekingalpha.com/article/4856451-red-metal-rally-top-copper-stocks-for-2026)\", \"tags\": [\"copper\", \"commodities\", \"ai_infrastructure\", \"energy_transition\", \"quant_ratings\"], \"recap\": \"Copper prices are on pace for their strongest year since 2009, supported by structural demand from AI infrastructure, electric vehicles, and the global energy transition. Despite volatility in other metals, coppers long-term fundamentals remain strong. Seeking Alpha Quant highlights several copper stocks with Strong Buy ratings that may benefit from sustained demand and favorable supply-demand dynamics heading into 2026.\", \"title\": \"Red Metal Rally: Top Copper Stocks For 2026\", \"source\": \"seeking_alpha\", \"drivers\": [{\"title\": \"Strong copper price momentum\", \"detail\": \"Copper prices are experiencing their strongest annual performance since 2009, supporting sector sentiment.\", \"evidence\": [\"copper is on track for its strongest year since 2009\", \"Red Metal Rally\"], \"direction\": \"bullish\", \"impact_score\": 3}, {\"title\": \"Structural demand tailwinds\", \"detail\": \"Long-term demand is supported by AI infrastructure, electric vehicles, and the energy transition.\", \"evidence\": [\"copper sits at the heart of the AI buildout\", \"electric vehicles, and the energy transition\"], \"direction\": \"bullish\", \"impact_score\": 3}, {\"title\": \"Quant strong buy signals\", \"detail\": \"Seeking Alpha Quant identifies multiple copper stocks with Strong Buy ratings.\", \"evidence\": [\"SA Quant identified three copper stocks\", \"Strong Buy ratings\"], \"direction\": \"bullish\", \"impact_score\": 2}, {\"title\": \"Precious metals volatility\", \"detail\": \"Broader precious metals volatility remains a background factor for the commodities complex.\", \"evidence\": [\"recent precious-metals volatility\"], \"direction\": \"neutral\", \"impact_score\": 0}], \"tickers\": [\"LUNMF\", \"SCCO\", \"ERO\"], \"key_dates\": [], \"sentiment\": \"bullish\", \"author_url\": \"[https://seekingalpha.com/author/steven-cress-quant-team#source=url_first_level%3Aarticle%7Csection%3Aauthor_brief%3Asteven-cress-quant-team%7Csection_asset%3Aauthor_brief%7Cauthor_name](https://seekingalpha.com/author/steven-cress-quant-team#source=url_first_level%3Aarticle%7Csection%3Aauthor_brief%3Asteven-cress-quant-team%7Csection_asset%3Aauthor_brief%7Cauthor_name)\", \"confidence\": 60, \"read_grade\": 3, \"author_name\": \"Steven Cress, Quant Team\", \"captured_at\": \"2025-12-31T15:27:15.393Z\", \"published_at\": \"2025-12-31T05:00:00-05:00\", \"author_followers\": null}'),
(17, 'seeking_alpha', 'https://seekingalpha.com/article/4856479-micron-stock-check-your-pe-at-the-door', 0xb4f9f9db37e89805b046bf11c7dff2ec7665f941a433a186beea41e2fd504f3d, 'Micron: Check Your P/E At The Door', '2025-12-31 10:00:00', '2025-12-31 19:05:11', '2025-12-31 20:06:16', 'Joe Albano', 'https://seekingalpha.com/author/joe-albano#source=url_first_level%3Aarticle%7Csection%3Aauthor_brief%3Ajoe-albano%7Csection_asset%3Aauthor_brief%7Cauthor_name', NULL, 'mixed', 72, 3, '[\"MU\"]', '[{\"title\": \"Commodity-driven earnings cycle\", \"detail\": \"Microns earnings remain largely driven by memory pricing cycles, limiting the usefulness of traditional valuation metrics.\", \"evidence\": [\"Micron\'s business is still at worst 82% commodity price driven\", \"valuation metrics are as wrong today as they were last cycle\"], \"direction\": \"bearish\", \"impact_score\": -4}, {\"title\": \"Late-stage rally signals\", \"detail\": \"Technical and cycle indicators suggest the stock is in the latter stages of its current rally rather than early expansion.\", \"evidence\": [\"signals show the stock is in the latter stages of the rally cycle\", \"definitely not in the early stages\"], \"direction\": \"bearish\", \"impact_score\": -3}, {\"title\": \"Strong recent profitability\", \"detail\": \"The current period has been highly profitable, reflecting favorable pricing conditions in the memory market.\", \"evidence\": [\"it has been an enormously profitable time\"], \"direction\": \"neutral\", \"impact_score\": 0}, {\"title\": \"Valuation narrative misleading\", \"detail\": \"Low P/E arguments are viewed as misleading due to cyclicality and weak alignment between stock price and fundamentals.\", \"evidence\": [\"analysts are coming out of the woodwork with low P/E claims\", \"the stock doesn\'t align with the financial numbers anyway\"], \"direction\": \"bearish\", \"impact_score\": -2}]', '[]', '[\"micron\", \"memory_cycle\", \"commodity_pricing\", \"valuation\", \"market_cycle\"]', 'The article argues that Microns performance remains dominated by memory commodity pricing, making conventional valuation metrics such as P/E unreliable. While the company is currently enjoying strong profitability, cycle indicators suggest the stock is in the later stages of its rally. As a result, upside appears limited despite attractive-looking valuations, supporting a more cautious, hold-oriented stance rather than a bullish outlook.', '{\"url\": \"[https://seekingalpha.com/article/4856479-micron-stock-check-your-pe-at-the-door](https://seekingalpha.com/article/4856479-micron-stock-check-your-pe-at-the-door)\", \"tags\": [\"micron\", \"memory_cycle\", \"commodity_pricing\", \"valuation\", \"market_cycle\"], \"recap\": \"The article argues that Microns performance remains dominated by memory commodity pricing, making conventional valuation metrics such as P/E unreliable. While the company is currently enjoying strong profitability, cycle indicators suggest the stock is in the later stages of its rally. As a result, upside appears limited despite attractive-looking valuations, supporting a more cautious, hold-oriented stance rather than a bullish outlook.\", \"title\": \"Micron: Check Your P/E At The Door\", \"source\": \"seeking_alpha\", \"drivers\": [{\"title\": \"Commodity-driven earnings cycle\", \"detail\": \"Microns earnings remain largely driven by memory pricing cycles, limiting the usefulness of traditional valuation metrics.\", \"evidence\": [\"Micron\'s business is still at worst 82% commodity price driven\", \"valuation metrics are as wrong today as they were last cycle\"], \"direction\": \"bearish\", \"impact_score\": -4}, {\"title\": \"Late-stage rally signals\", \"detail\": \"Technical and cycle indicators suggest the stock is in the latter stages of its current rally rather than early expansion.\", \"evidence\": [\"signals show the stock is in the latter stages of the rally cycle\", \"definitely not in the early stages\"], \"direction\": \"bearish\", \"impact_score\": -3}, {\"title\": \"Strong recent profitability\", \"detail\": \"The current period has been highly profitable, reflecting favorable pricing conditions in the memory market.\", \"evidence\": [\"it has been an enormously profitable time\"], \"direction\": \"neutral\", \"impact_score\": 0}, {\"title\": \"Valuation narrative misleading\", \"detail\": \"Low P/E arguments are viewed as misleading due to cyclicality and weak alignment between stock price and fundamentals.\", \"evidence\": [\"analysts are coming out of the woodwork with low P/E claims\", \"the stock doesn\'t align with the financial numbers anyway\"], \"direction\": \"bearish\", \"impact_score\": -2}], \"tickers\": [\"MU\"], \"key_dates\": [], \"sentiment\": \"mixed\", \"author_url\": \"[https://seekingalpha.com/author/joe-albano#source=url_first_level%3Aarticle%7Csection%3Aauthor_brief%3Ajoe-albano%7Csection_asset%3Aauthor_brief%7Cauthor_name](https://seekingalpha.com/author/joe-albano#source=url_first_level%3Aarticle%7Csection%3Aauthor_brief%3Ajoe-albano%7Csection_asset%3Aauthor_brief%7Cauthor_name)\", \"confidence\": 72, \"read_grade\": 3, \"author_name\": \"Joe Albano\", \"captured_at\": \"2025-12-31T19:05:11.998Z\", \"published_at\": \"2025-12-31T10:00:00-05:00\", \"author_followers\": null}'),
(18, 'seeking_alpha', 'https://seekingalpha.com/article/4856535-lockheed-martin-a-global-defense-leader-currently-stuck-in-neutral', 0xa5f5c65b9164eb44e70ba352f9b6604965eac44dc1250b833da667809cfeecfb, 'Lockheed Martin: A Global Defense Leader Currently Stuck In Neutral', '2025-12-31 08:53:03', '2025-12-31 19:10:27', '2025-12-31 20:33:31', 'William Davis', 'https://seekingalpha.com/author/william-davis#source=url_first_level%3Aarticle%7Csection%3Aauthor_brief%3Awilliam-davis%7Csection_asset%3Aauthor_brief%7Cauthor_name', 311, 'mixed', 77, 4, '[\"LMT\"]', '[{\"title\": \"Large international defense deals\", \"detail\": \"Approval of major foreign military sales underscores Lockheed Martins strategic importance and backlog visibility.\", \"evidence\": [\"$11.1 billion for Taiwan\", \"82 HIMARS truck-mounted missile launchers valued at around $4 billion\"], \"direction\": \"bullish\", \"impact_score\": 3}, {\"title\": \"F-35 execution issues\", \"detail\": \"A Pentagon audit highlighted low mission-ready rates for the F-35 fleet, increasing reputational and regulatory risks.\", \"evidence\": [\"mission-ready rate of only 50%\", \"17 percentage points off of the Department of Defenses minimum requirement\"], \"direction\": \"bearish\", \"impact_score\": -4}, {\"title\": \"Earnings contraction ahead\", \"detail\": \"Consensus forecasts point to a notable near-term EPS decline, suggesting an earnings digestion phase.\", \"evidence\": [\"forecasted year-over-year EPS growth decline of 20.58%\", \"period of earnings digestion\"], \"direction\": \"bearish\", \"impact_score\": -3}, {\"title\": \"High leverage limits flexibility\", \"detail\": \"Elevated debt levels constrain strategic flexibility compared with key peers.\", \"evidence\": [\"total debt standing at approximately $22.20 billion\", \"total debt to equity ratio of 358.99%\"], \"direction\": \"bearish\", \"impact_score\": -3}, {\"title\": \"Strong cash generation\", \"detail\": \"Despite pressures, Lockheed Martin continues to generate substantial net income and free cash flow.\", \"evidence\": [\"TTM net income of $4.2 billion\", \"levered free cash flow of $4.43 billion\"], \"direction\": \"bullish\", \"impact_score\": 2}, {\"title\": \"Policy and payout risk\", \"detail\": \"Potential regulatory changes could limit dividends and buybacks if project performance deteriorates.\", \"evidence\": [\"executive order that would limit stock buybacks and dividend payouts\", \"projects are delayed or over-budget\"], \"direction\": \"bearish\", \"impact_score\": -2}]', '[]', '[\"defense_contractors\", \"geopolitics\", \"earnings_outlook\", \"regulatory_risk\", \"free_cash_flow\"]', 'Lockheed Martin remains a dominant global defense contractor with significant international and domestic contracts supporting its backlog. However, execution issues in the F-35 program, high leverage, and a projected near-term earnings decline temper the outlook. Strong cash generation and long-term geopolitical demand provide support, but regulatory scrutiny and operational risks limit upside in the near term, resulting in a balanced, hold-oriented view.', '{\"url\": \"[https://seekingalpha.com/article/4856535-lockheed-martin-a-global-defense-leader-currently-stuck-in-neutral](https://seekingalpha.com/article/4856535-lockheed-martin-a-global-defense-leader-currently-stuck-in-neutral)\", \"tags\": [\"defense_contractors\", \"geopolitics\", \"earnings_outlook\", \"regulatory_risk\", \"free_cash_flow\"], \"recap\": \"Lockheed Martin remains a dominant global defense contractor with significant international and domestic contracts supporting its backlog. However, execution issues in the F-35 program, high leverage, and a projected near-term earnings decline temper the outlook. Strong cash generation and long-term geopolitical demand provide support, but regulatory scrutiny and operational risks limit upside in the near term, resulting in a balanced, hold-oriented view.\", \"title\": \"Lockheed Martin: A Global Defense Leader Currently Stuck In Neutral\", \"source\": \"seeking_alpha\", \"drivers\": [{\"title\": \"Large international defense deals\", \"detail\": \"Approval of major foreign military sales underscores Lockheed Martins strategic importance and backlog visibility.\", \"evidence\": [\"$11.1 billion for Taiwan\", \"82 HIMARS truck-mounted missile launchers valued at around $4 billion\"], \"direction\": \"bullish\", \"impact_score\": 3}, {\"title\": \"F-35 execution issues\", \"detail\": \"A Pentagon audit highlighted low mission-ready rates for the F-35 fleet, increasing reputational and regulatory risks.\", \"evidence\": [\"mission-ready rate of only 50%\", \"17 percentage points off of the Department of Defenses minimum requirement\"], \"direction\": \"bearish\", \"impact_score\": -4}, {\"title\": \"Earnings contraction ahead\", \"detail\": \"Consensus forecasts point to a notable near-term EPS decline, suggesting an earnings digestion phase.\", \"evidence\": [\"forecasted year-over-year EPS growth decline of 20.58%\", \"period of earnings digestion\"], \"direction\": \"bearish\", \"impact_score\": -3}, {\"title\": \"High leverage limits flexibility\", \"detail\": \"Elevated debt levels constrain strategic flexibility compared with key peers.\", \"evidence\": [\"total debt standing at approximately $22.20 billion\", \"total debt to equity ratio of 358.99%\"], \"direction\": \"bearish\", \"impact_score\": -3}, {\"title\": \"Strong cash generation\", \"detail\": \"Despite pressures, Lockheed Martin continues to generate substantial net income and free cash flow.\", \"evidence\": [\"TTM net income of $4.2 billion\", \"levered free cash flow of $4.43 billion\"], \"direction\": \"bullish\", \"impact_score\": 2}, {\"title\": \"Policy and payout risk\", \"detail\": \"Potential regulatory changes could limit dividends and buybacks if project performance deteriorates.\", \"evidence\": [\"executive order that would limit stock buybacks and dividend payouts\", \"projects are delayed or over-budget\"], \"direction\": \"bearish\", \"impact_score\": -2}], \"tickers\": [\"LMT\"], \"key_dates\": [], \"sentiment\": \"mixed\", \"author_url\": \"[https://seekingalpha.com/author/william-davis#source=url_first_level%3Aarticle%7Csection%3Aauthor_brief%3Awilliam-davis%7Csection_asset%3Aauthor_brief%7Cauthor_name](https://seekingalpha.com/author/william-davis#source=url_first_level%3Aarticle%7Csection%3Aauthor_brief%3Awilliam-davis%7Csection_asset%3Aauthor_brief%7Cauthor_name)\", \"confidence\": 77, \"read_grade\": 4, \"author_name\": \"William Davis\", \"captured_at\": \"2025-12-31T19:10:27.581Z\", \"published_at\": \"2025-12-31T08:53:03-05:00\", \"author_followers\": 311}'),
(19, 'seeking_alpha', 'https://seekingalpha.com/article/4856485-rtx-stock-record-backlogs-and-structural-demand-signal-upside', 0x5f0251d49aa398a61ef069e35af7f4f081c3f2c854d04173c4f301f1b787fb7c, 'RTX: Record Backlogs And Structural Demand Signal Upside', '2025-12-31 00:45:56', '2025-12-31 19:32:45', '2025-12-31 20:35:24', 'William Davis', 'https://seekingalpha.com/author/william-davis#source=url_first_level%3Aarticle%7Csection%3Aauthor_brief%3Awilliam-davis%7Csection_asset%3Aauthor_brief%7Cauthor_name', 311, 'bullish', 78, 4, '[\"RTX\"]', '[{\"title\": \"European defense contract wins\", \"detail\": \"Large Patriot system contracts in Europe highlight strong geopolitical demand and backlog expansion.\", \"evidence\": [\"$1.7 billion contract for providing Patriot fire units to Spain\", \"$168 million for additional Patriot hardware for Romania\"], \"direction\": \"bullish\", \"impact_score\": 4}, {\"title\": \"Resilient commercial aftermarket\", \"detail\": \"Commercial aerospace aftermarket pricing power supports margins amid constrained aircraft supply.\", \"evidence\": [\"spare-parts pricing is projected to rise by 7% year-over-year\", \"airlines forced to keep older fleets in the air longer\"], \"direction\": \"bullish\", \"impact_score\": 4}, {\"title\": \"Strong revenue growth outlook\", \"detail\": \"Forward revenue growth materially outpaces sector medians, signaling backlog conversion.\", \"evidence\": [\"total revenues reached $85.5 billion over the trailing twelve months\", \"forward revenue growth is projected at 10.26%\"], \"direction\": \"bullish\", \"impact_score\": 3}, {\"title\": \"Consistent EPS outperformance\", \"detail\": \"Recurring earnings beats suggest disciplined execution and operational leverage.\", \"evidence\": [\"decisively beating the consensus EPS by $0.29\", \"recurring ability to exceed expectations\"], \"direction\": \"bullish\", \"impact_score\": 3}, {\"title\": \"Regulatory intervention risk\", \"detail\": \"Potential executive actions could constrain capital returns if project delays occur.\", \"evidence\": [\"executive order to penalize contractors whose projects fall behind\", \"prioritize the development of weapons over shareholder rewards\"], \"direction\": \"bearish\", \"impact_score\": -2}, {\"title\": \"Competitive disruption risk\", \"detail\": \"New defense entrants could pressure pricing power in select programs.\", \"evidence\": [\"Pentagon eager to diversify its supplier base\", \"Anduril Industries tapped for interceptor rocket motors\"], \"direction\": \"bearish\", \"impact_score\": -1}]', '[]', '[\"aerospace_defense\", \"defense_contracts\", \"commercial_aftermarket\", \"backlog_growth\", \"earnings_momentum\", \"regulatory_risk\"]', 'RTX benefits from strong structural demand across defense and commercial aerospace, supported by large European contracts, resilient aftermarket pricing, and solid backlog conversion. Robust revenue growth and consistent EPS beats reinforce operational strength despite a premium valuation. Risks include potential regulatory intervention and competitive disruption, but portfolio diversification and cash generation provide meaningful downside protection, supporting a constructive outlook.', '{\"url\": \"[https://seekingalpha.com/article/4856485-rtx-stock-record-backlogs-and-structural-demand-signal-upside](https://seekingalpha.com/article/4856485-rtx-stock-record-backlogs-and-structural-demand-signal-upside)\", \"tags\": [\"aerospace_defense\", \"defense_contracts\", \"commercial_aftermarket\", \"backlog_growth\", \"earnings_momentum\", \"regulatory_risk\"], \"recap\": \"RTX benefits from strong structural demand across defense and commercial aerospace, supported by large European contracts, resilient aftermarket pricing, and solid backlog conversion. Robust revenue growth and consistent EPS beats reinforce operational strength despite a premium valuation. Risks include potential regulatory intervention and competitive disruption, but portfolio diversification and cash generation provide meaningful downside protection, supporting a constructive outlook.\", \"title\": \"RTX: Record Backlogs And Structural Demand Signal Upside\", \"source\": \"seeking_alpha\", \"drivers\": [{\"title\": \"European defense contract wins\", \"detail\": \"Large Patriot system contracts in Europe highlight strong geopolitical demand and backlog expansion.\", \"evidence\": [\"$1.7 billion contract for providing Patriot fire units to Spain\", \"$168 million for additional Patriot hardware for Romania\"], \"direction\": \"bullish\", \"impact_score\": 4}, {\"title\": \"Resilient commercial aftermarket\", \"detail\": \"Commercial aerospace aftermarket pricing power supports margins amid constrained aircraft supply.\", \"evidence\": [\"spare-parts pricing is projected to rise by 7% year-over-year\", \"airlines forced to keep older fleets in the air longer\"], \"direction\": \"bullish\", \"impact_score\": 4}, {\"title\": \"Strong revenue growth outlook\", \"detail\": \"Forward revenue growth materially outpaces sector medians, signaling backlog conversion.\", \"evidence\": [\"total revenues reached $85.5 billion over the trailing twelve months\", \"forward revenue growth is projected at 10.26%\"], \"direction\": \"bullish\", \"impact_score\": 3}, {\"title\": \"Consistent EPS outperformance\", \"detail\": \"Recurring earnings beats suggest disciplined execution and operational leverage.\", \"evidence\": [\"decisively beating the consensus EPS by $0.29\", \"recurring ability to exceed expectations\"], \"direction\": \"bullish\", \"impact_score\": 3}, {\"title\": \"Regulatory intervention risk\", \"detail\": \"Potential executive actions could constrain capital returns if project delays occur.\", \"evidence\": [\"executive order to penalize contractors whose projects fall behind\", \"prioritize the development of weapons over shareholder rewards\"], \"direction\": \"bearish\", \"impact_score\": -2}, {\"title\": \"Competitive disruption risk\", \"detail\": \"New defense entrants could pressure pricing power in select programs.\", \"evidence\": [\"Pentagon eager to diversify its supplier base\", \"Anduril Industries tapped for interceptor rocket motors\"], \"direction\": \"bearish\", \"impact_score\": -1}], \"tickers\": [\"RTX\"], \"key_dates\": [], \"sentiment\": \"bullish\", \"author_url\": \"[https://seekingalpha.com/author/william-davis#source=url_first_level%3Aarticle%7Csection%3Aauthor_brief%3Awilliam-davis%7Csection_asset%3Aauthor_brief%7Cauthor_name](https://seekingalpha.com/author/william-davis#source=url_first_level%3Aarticle%7Csection%3Aauthor_brief%3Awilliam-davis%7Csection_asset%3Aauthor_brief%7Cauthor_name)\", \"confidence\": 78, \"read_grade\": 4, \"author_name\": \"William Davis\", \"captured_at\": \"2025-12-31T19:32:45.549Z\", \"published_at\": \"2025-12-31T00:45:56-05:00\", \"author_followers\": 311}'),
(20, 'seeking_alpha', 'https://seekingalpha.com/article/4856481-vertex-pharmaceuticals-stock-prepared-to-defend-dominance-and-expand-expertise', 0x4766ed9208a49714ae88135ae979a6c2865bb012039bd8339932b5e463dfb78f, 'Vertex Pharmaceuticals: Prepared To Defend Their Dominance And Expand Their Expertise', '2025-12-30 23:59:42', '2025-12-31 20:02:51', '2025-12-31 21:04:37', 'Biologics', 'https://seekingalpha.com/author/biologics#source=url_first_level%3Aarticle%7Csection%3Aauthor_brief%3Abiologics%7Csection_asset%3Aauthor_brief%7Cauthor_name', NULL, 'bullish', 81, 4, '[\"VRTX\"]', '[{\"title\": \"Dominant CF franchise\", \"detail\": \"Vertex continues to generate strong earnings from its leading cystic fibrosis franchise, providing a stable cash flow base.\", \"evidence\": [\"dominant CF franchise\", \"robust Q3 earnings\"], \"direction\": \"bullish\", \"impact_score\": 4}, {\"title\": \"Late-stage pipeline expansion\", \"detail\": \"A diversified late-stage pipeline across pain, kidney, cell, and gene therapies supports multiple potential launches.\", \"evidence\": [\"broadening late-stage pipeline\", \"multiple launches between 20262028\"], \"direction\": \"bullish\", \"impact_score\": 4}, {\"title\": \"Upgraded revenue guidance\", \"detail\": \"Management raised full-year revenue guidance, reflecting strong commercial execution.\", \"evidence\": [\"upgraded 2025 revenue guidance\", \"$11.9B$12B\"], \"direction\": \"bullish\", \"impact_score\": 3}, {\"title\": \"Strong balance sheet\", \"detail\": \"Significant cash reserves provide flexibility for R&D investment and pipeline execution.\", \"evidence\": [\"$12B in cash\", \"financial strength is evident\"], \"direction\": \"bullish\", \"impact_score\": 3}, {\"title\": \"CF saturation risk\", \"detail\": \"Maturity of the cystic fibrosis franchise may limit incremental growth without successful new launches.\", \"evidence\": [\"CF franchise saturation\", \"need for continued innovation\"], \"direction\": \"bearish\", \"impact_score\": -2}, {\"title\": \"Pipeline execution risk\", \"detail\": \"Expanding into new therapeutic areas introduces development and commercialization risks.\", \"evidence\": [\"execution challenges in pipeline expansion\", \"need for continued innovation\"], \"direction\": \"bearish\", \"impact_score\": -1}]', '[]', '[\"biotechnology\", \"cystic_fibrosis\", \"drug_pipeline\", \"revenue_guidance\", \"gene_therapy\", \"healthcare\"]', 'Vertex Pharmaceuticals remains well-positioned with a dominant cystic fibrosis franchise, strong earnings momentum, and a growing late-stage pipeline across multiple therapeutic areas. Upgraded revenue guidance and a strong cash position support continued investment and potential launches from 2026 onward. While risks include CF franchise saturation and execution challenges in new indications, Vertexs diversification strategy underpins a constructive long-term outlook.', '{\"url\": \"[https://seekingalpha.com/article/4856481-vertex-pharmaceuticals-stock-prepared-to-defend-dominance-and-expand-expertise](https://seekingalpha.com/article/4856481-vertex-pharmaceuticals-stock-prepared-to-defend-dominance-and-expand-expertise)\", \"tags\": [\"biotechnology\", \"cystic_fibrosis\", \"drug_pipeline\", \"revenue_guidance\", \"gene_therapy\", \"healthcare\"], \"recap\": \"Vertex Pharmaceuticals remains well-positioned with a dominant cystic fibrosis franchise, strong earnings momentum, and a growing late-stage pipeline across multiple therapeutic areas. Upgraded revenue guidance and a strong cash position support continued investment and potential launches from 2026 onward. While risks include CF franchise saturation and execution challenges in new indications, Vertexs diversification strategy underpins a constructive long-term outlook.\", \"title\": \"Vertex Pharmaceuticals: Prepared To Defend Their Dominance And Expand Their Expertise\", \"source\": \"seeking_alpha\", \"drivers\": [{\"title\": \"Dominant CF franchise\", \"detail\": \"Vertex continues to generate strong earnings from its leading cystic fibrosis franchise, providing a stable cash flow base.\", \"evidence\": [\"dominant CF franchise\", \"robust Q3 earnings\"], \"direction\": \"bullish\", \"impact_score\": 4}, {\"title\": \"Late-stage pipeline expansion\", \"detail\": \"A diversified late-stage pipeline across pain, kidney, cell, and gene therapies supports multiple potential launches.\", \"evidence\": [\"broadening late-stage pipeline\", \"multiple launches between 20262028\"], \"direction\": \"bullish\", \"impact_score\": 4}, {\"title\": \"Upgraded revenue guidance\", \"detail\": \"Management raised full-year revenue guidance, reflecting strong commercial execution.\", \"evidence\": [\"upgraded 2025 revenue guidance\", \"$11.9B$12B\"], \"direction\": \"bullish\", \"impact_score\": 3}, {\"title\": \"Strong balance sheet\", \"detail\": \"Significant cash reserves provide flexibility for R&D investment and pipeline execution.\", \"evidence\": [\"$12B in cash\", \"financial strength is evident\"], \"direction\": \"bullish\", \"impact_score\": 3}, {\"title\": \"CF saturation risk\", \"detail\": \"Maturity of the cystic fibrosis franchise may limit incremental growth without successful new launches.\", \"evidence\": [\"CF franchise saturation\", \"need for continued innovation\"], \"direction\": \"bearish\", \"impact_score\": -2}, {\"title\": \"Pipeline execution risk\", \"detail\": \"Expanding into new therapeutic areas introduces development and commercialization risks.\", \"evidence\": [\"execution challenges in pipeline expansion\", \"need for continued innovation\"], \"direction\": \"bearish\", \"impact_score\": -1}], \"tickers\": [\"VRTX\"], \"key_dates\": [], \"sentiment\": \"bullish\", \"author_url\": \"[https://seekingalpha.com/author/biologics#source=url_first_level%3Aarticle%7Csection%3Aauthor_brief%3Abiologics%7Csection_asset%3Aauthor_brief%7Cauthor_name](https://seekingalpha.com/author/biologics#source=url_first_level%3Aarticle%7Csection%3Aauthor_brief%3Abiologics%7Csection_asset%3Aauthor_brief%7Cauthor_name)\", \"confidence\": 81, \"read_grade\": 4, \"author_name\": \"Biologics\", \"captured_at\": \"2025-12-31T20:02:51.522Z\", \"published_at\": \"2025-12-30T23:59:42-05:00\", \"author_followers\": null}'),
(21, 'seeking_alpha', 'https://seekingalpha.com/article/4856611-micron-timing-might-be-everything-ratings-downgrade', 0x051509bf1dd599316774f5ef59ceab4a0b48d046744413c6a3fa6a806750eb0a, 'Micron - Timing Might Be Everything (Ratings Downgrade)', '2025-12-31 17:14:08', '2026-01-01 07:37:15', '2026-01-01 08:38:52', 'The Value Portfolio', 'https://seekingalpha.com/author/the-value-portfolio#source=url_first_level%3Aarticle%7Csection%3Aauthor_brief%3Athe-value-portfolio%7Csection_asset%3Aauthor_brief%7Cauthor_name', NULL, 'bearish', 78, 4, '[\"MU\", \"ZMIC\"]', '[{\"title\": \"Valuation stretched for cycle\", \"detail\": \"Micron trades at valuation levels considered high for a cyclical memory business.\", \"evidence\": [\"nearly 15x P/E\", \"4% FCF yield\", \"valuation appears stretched for a cyclical business\"], \"direction\": \"bearish\", \"impact_score\": -4}, {\"title\": \"Supply-driven margin risk\", \"detail\": \"Rising industry-wide capital spending raises the risk of future oversupply and margin compression.\", \"evidence\": [\"aggressive industry-wide capex\", \"threatens future pricing and margins\"], \"direction\": \"bearish\", \"impact_score\": -4}, {\"title\": \"Strong HBM and DRAM demand\", \"detail\": \"Current demand for high-bandwidth memory and DRAM remains robust, supporting near-term fundamentals.\", \"evidence\": [\"HBM and DRAM demand is surging\", \"strong current fundamentals\"], \"direction\": \"bullish\", \"impact_score\": 2}, {\"title\": \"Cyclical history weighs\", \"detail\": \"Microns historical cycle-driven returns and past shareholder outcomes temper confidence in sustained upside.\", \"evidence\": [\"history of low shareholder returns\", \"cyclical risks\"], \"direction\": \"bearish\", \"impact_score\": -3}, {\"title\": \"Rating downgraded\", \"detail\": \"The stock was downgraded to Strong Sell based on timing and risk-reward considerations.\", \"evidence\": [\"downgraded to Strong Sell\", \"timing might be everything\"], \"direction\": \"bearish\", \"impact_score\": -3}]', '[]', '[\"micron\", \"memory_cycle\", \"ratings_downgrade\", \"valuation_risk\", \"semiconductors\"]', 'The article downgrades Micron to Strong Sell, arguing that valuation has become stretched for a highly cyclical memory business. While demand for HBM and DRAM is currently strong, aggressive industry capital spending raises the risk of future oversupply and margin pressure. Combined with Microns historical cycle-driven performance and modest shareholder returns, the risk-reward balance is viewed as unfavorable despite solid near-term fundamentals.', '{\"url\": \"[https://seekingalpha.com/article/4856611-micron-timing-might-be-everything-ratings-downgrade](https://seekingalpha.com/article/4856611-micron-timing-might-be-everything-ratings-downgrade)\", \"tags\": [\"micron\", \"memory_cycle\", \"ratings_downgrade\", \"valuation_risk\", \"semiconductors\"], \"recap\": \"The article downgrades Micron to Strong Sell, arguing that valuation has become stretched for a highly cyclical memory business. While demand for HBM and DRAM is currently strong, aggressive industry capital spending raises the risk of future oversupply and margin pressure. Combined with Microns historical cycle-driven performance and modest shareholder returns, the risk-reward balance is viewed as unfavorable despite solid near-term fundamentals.\", \"title\": \"Micron - Timing Might Be Everything (Ratings Downgrade)\", \"source\": \"seeking_alpha\", \"drivers\": [{\"title\": \"Valuation stretched for cycle\", \"detail\": \"Micron trades at valuation levels considered high for a cyclical memory business.\", \"evidence\": [\"nearly 15x P/E\", \"4% FCF yield\", \"valuation appears stretched for a cyclical business\"], \"direction\": \"bearish\", \"impact_score\": -4}, {\"title\": \"Supply-driven margin risk\", \"detail\": \"Rising industry-wide capital spending raises the risk of future oversupply and margin compression.\", \"evidence\": [\"aggressive industry-wide capex\", \"threatens future pricing and margins\"], \"direction\": \"bearish\", \"impact_score\": -4}, {\"title\": \"Strong HBM and DRAM demand\", \"detail\": \"Current demand for high-bandwidth memory and DRAM remains robust, supporting near-term fundamentals.\", \"evidence\": [\"HBM and DRAM demand is surging\", \"strong current fundamentals\"], \"direction\": \"bullish\", \"impact_score\": 2}, {\"title\": \"Cyclical history weighs\", \"detail\": \"Microns historical cycle-driven returns and past shareholder outcomes temper confidence in sustained upside.\", \"evidence\": [\"history of low shareholder returns\", \"cyclical risks\"], \"direction\": \"bearish\", \"impact_score\": -3}, {\"title\": \"Rating downgraded\", \"detail\": \"The stock was downgraded to Strong Sell based on timing and risk-reward considerations.\", \"evidence\": [\"downgraded to Strong Sell\", \"timing might be everything\"], \"direction\": \"bearish\", \"impact_score\": -3}], \"tickers\": [\"MU\", \"ZMIC\"], \"key_dates\": [], \"sentiment\": \"bearish\", \"author_url\": \"[https://seekingalpha.com/author/the-value-portfolio#source=url_first_level%3Aarticle%7Csection%3Aauthor_brief%3Athe-value-portfolio%7Csection_asset%3Aauthor_brief%7Cauthor_name](https://seekingalpha.com/author/the-value-portfolio#source=url_first_level%3Aarticle%7Csection%3Aauthor_brief%3Athe-value-portfolio%7Csection_asset%3Aauthor_brief%7Cauthor_name)\", \"confidence\": 78, \"read_grade\": 4, \"author_name\": \"The Value Portfolio\", \"captured_at\": \"2026-01-01T07:37:15.136Z\", \"published_at\": \"2025-12-31T17:14:08-05:00\", \"author_followers\": null}'),
(22, 'seeking_alpha', 'https://seekingalpha.com/article/4856457-what-the-micron-bulls-would-have-you-believe-is-insane', 0x7f0ed5a5f68a8f23783e39145f0c1d5828dcf5dd585e3b9a748d1c2922e01aaf, 'What The Micron Bulls Would Have You Believe Is Insane', '2025-12-30 17:11:34', '2026-01-01 07:41:49', '2026-01-01 08:42:46', 'Rational Techne', 'https://seekingalpha.com/author/rational-techne#source=url_first_level%3Aarticle%7Csection%3Aauthor_brief%3Arational-techne%7Csection_asset%3Aauthor_brief%7Cauthor_name', 927, 'bearish', 86, 4, '[\"MU\"]', '[{\"title\": \"Extreme cyclical overvaluation\", \"detail\": \"The article argues Micron is priced at cyclical peak valuations that assume permanently elevated earnings.\", \"evidence\": [\"current valuations are extremely high and risky\", \"priced to perfection\", \"requires wildly optimistic assumptions about future earnings\"], \"direction\": \"bearish\", \"impact_score\": -5}, {\"title\": \"Inevitable capacity oversupply\", \"detail\": \"Aggressive capacity expansions by Micron and peers threaten to end the current boom and compress margins.\", \"evidence\": [\"upping its planned 2026 capex spend to $20 billion\", \"SK Hynix expects to ramp capacity by up to 8x\", \"Samsung is also increasing capacity\"], \"direction\": \"bearish\", \"impact_score\": -4}, {\"title\": \"Demand sustainability questioned\", \"detail\": \"AI-driven demand could weaken due to compute efficiency gains, power constraints, or reduced hyperscaler spending.\", \"evidence\": [\"potential for decrease in future demand\", \"power bottlenecks\", \"AI backlash and data center opposition\"], \"direction\": \"bearish\", \"impact_score\": -4}, {\"title\": \"HBM demand currently strong\", \"detail\": \"High-bandwidth memory demand remains robust and has driven near-term pricing and margin expansion.\", \"evidence\": [\"off-the-charts demand for their memory products\", \"entire 2026 HBM supply already sold out\"], \"direction\": \"bullish\", \"impact_score\": 2}, {\"title\": \"Misleading valuation metrics\", \"detail\": \"Common metrics like P/E, P/S, and PEG are described as inappropriate for valuing cyclical businesses.\", \"evidence\": [\"valuation metrics like P/E, P/S, and PEG are misleading\", \"PEG ratio looks absurdly low\"], \"direction\": \"bearish\", \"impact_score\": -3}, {\"title\": \"Cyclical peak price signal\", \"detail\": \"The stock price behavior resembles prior cycle peaks rather than attractive entry points.\", \"evidence\": [\"closer to a local maxima than a local minima\", \"classic boom/bust cycle\"], \"direction\": \"bearish\", \"impact_score\": -3}]', '[]', '[\"micron\", \"cyclical_risk\", \"valuation_bubble\", \"memory_cycle\", \"ai_hype\", \"bear_case\"]', 'The article presents a strongly bearish case on Micron, arguing that the stock is priced at a cyclical peak driven by AI-related HBM demand. It highlights extreme valuation assumptions, aggressive industry capacity expansions, and multiple potential demand headwinds that could reverse current profitability. While near-term fundamentals remain strong, the author contends that history, valuation discipline, and supply dynamics point to elevated downside risk for investors entering at current levels.', '{\"url\": \"[https://seekingalpha.com/article/4856457-what-the-micron-bulls-would-have-you-believe-is-insane](https://seekingalpha.com/article/4856457-what-the-micron-bulls-would-have-you-believe-is-insane)\", \"tags\": [\"micron\", \"cyclical_risk\", \"valuation_bubble\", \"memory_cycle\", \"ai_hype\", \"bear_case\"], \"recap\": \"The article presents a strongly bearish case on Micron, arguing that the stock is priced at a cyclical peak driven by AI-related HBM demand. It highlights extreme valuation assumptions, aggressive industry capacity expansions, and multiple potential demand headwinds that could reverse current profitability. While near-term fundamentals remain strong, the author contends that history, valuation discipline, and supply dynamics point to elevated downside risk for investors entering at current levels.\", \"title\": \"What The Micron Bulls Would Have You Believe Is Insane\", \"source\": \"seeking_alpha\", \"drivers\": [{\"title\": \"Extreme cyclical overvaluation\", \"detail\": \"The article argues Micron is priced at cyclical peak valuations that assume permanently elevated earnings.\", \"evidence\": [\"current valuations are extremely high and risky\", \"priced to perfection\", \"requires wildly optimistic assumptions about future earnings\"], \"direction\": \"bearish\", \"impact_score\": -5}, {\"title\": \"Inevitable capacity oversupply\", \"detail\": \"Aggressive capacity expansions by Micron and peers threaten to end the current boom and compress margins.\", \"evidence\": [\"upping its planned 2026 capex spend to $20 billion\", \"SK Hynix expects to ramp capacity by up to 8x\", \"Samsung is also increasing capacity\"], \"direction\": \"bearish\", \"impact_score\": -4}, {\"title\": \"Demand sustainability questioned\", \"detail\": \"AI-driven demand could weaken due to compute efficiency gains, power constraints, or reduced hyperscaler spending.\", \"evidence\": [\"potential for decrease in future demand\", \"power bottlenecks\", \"AI backlash and data center opposition\"], \"direction\": \"bearish\", \"impact_score\": -4}, {\"title\": \"HBM demand currently strong\", \"detail\": \"High-bandwidth memory demand remains robust and has driven near-term pricing and margin expansion.\", \"evidence\": [\"off-the-charts demand for their memory products\", \"entire 2026 HBM supply already sold out\"], \"direction\": \"bullish\", \"impact_score\": 2}, {\"title\": \"Misleading valuation metrics\", \"detail\": \"Common metrics like P/E, P/S, and PEG are described as inappropriate for valuing cyclical businesses.\", \"evidence\": [\"valuation metrics like P/E, P/S, and PEG are misleading\", \"PEG ratio looks absurdly low\"], \"direction\": \"bearish\", \"impact_score\": -3}, {\"title\": \"Cyclical peak price signal\", \"detail\": \"The stock price behavior resembles prior cycle peaks rather than attractive entry points.\", \"evidence\": [\"closer to a local maxima than a local minima\", \"classic boom/bust cycle\"], \"direction\": \"bearish\", \"impact_score\": -3}], \"tickers\": [\"MU\"], \"key_dates\": [], \"sentiment\": \"bearish\", \"author_url\": \"[https://seekingalpha.com/author/rational-techne#source=url_first_level%3Aarticle%7Csection%3Aauthor_brief%3Arational-techne%7Csection_asset%3Aauthor_brief%7Cauthor_name](https://seekingalpha.com/author/rational-techne#source=url_first_level%3Aarticle%7Csection%3Aauthor_brief%3Arational-techne%7Csection_asset%3Aauthor_brief%7Cauthor_name)\", \"confidence\": 86, \"read_grade\": 4, \"author_name\": \"Rational Techne\", \"captured_at\": \"2026-01-01T07:41:49.448Z\", \"published_at\": \"2025-12-30T17:11:34-05:00\", \"author_followers\": 927}');
INSERT INTO `news_article` (`id`, `source`, `url`, `url_hash`, `title`, `published_at`, `captured_at`, `created_at`, `author_name`, `author_url`, `author_followers`, `sentiment`, `confidence`, `read_grade`, `tickers`, `drivers`, `key_dates`, `tags`, `recap`, `raw_json`) VALUES
(24, 'seeking_alpha', 'https://seekingalpha.com/article/4856337-celestica-ive-3xed-my-investment-but-im-still-buying-more', 0xd9bde21be9a50c572964910a684e9b556aada0100d7422bb748e5fac8fb5c705, 'Celestica: I\'ve 3xed My Investment But I\'m Still Buying More', '2025-12-30 05:53:45', '2026-01-01 07:50:39', '2026-01-01 08:51:17', 'Hunting Alpha', 'https://seekingalpha.com/author/hunting-alpha#source=url_first_level%3Aarticle%7Csection%3Aauthor_brief%3Ahunting-alpha%7Csection_asset%3Aauthor_brief%7Cauthor_name', 7420, 'bullish', 82, 4, '[\"CLS\"]', '[{\"title\": \"Ethernet switch dominance\", \"detail\": \"Celestica holds a leading position in data center Ethernet switches and custom hardware platforms, driving sustained deal momentum.\", \"evidence\": [\"dominant position in Ethernet switches\", \"55% market share in custom HPS platforms\"], \"direction\": \"bullish\", \"impact_score\": 5}, {\"title\": \"Guidance upgrades into 2026\", \"detail\": \"Management raised FY25 guidance and projects further acceleration in FY26 with strong revenue visibility.\", \"evidence\": [\"10.9% revenue guidance beat\", \"FY26 guide of $16 billion\"], \"direction\": \"bullish\", \"impact_score\": 4}, {\"title\": \"Hyperscaler-driven CCS growth\", \"detail\": \"CCS segment growth near 40% YoY is supported by hyperscaler demand and next-generation network ramps.\", \"evidence\": [\"sustenance of a 40% YoY growth rate in the CCS segment\", \"800G and upcoming 1.6T switches\"], \"direction\": \"bullish\", \"impact_score\": 4}, {\"title\": \"Capex signals long runway\", \"detail\": \"Planned FY26 capex expansion indicates confidence in demand through FY27FY28.\", \"evidence\": [\"capex intensity ramp to 2.0%2.5%\", \"capacity expansions for growth in FY27 and FY28\"], \"direction\": \"bullish\", \"impact_score\": 3}, {\"title\": \"Margin expansion from HPS mix\", \"detail\": \"Faster growth in higher-margin HPS revenues supports ongoing EBIT margin expansion.\", \"evidence\": [\"HPS outright growth leader\", \"scope for EBIT margin expansion toward ~15%\"], \"direction\": \"bullish\", \"impact_score\": 3}, {\"title\": \"Hyperscaler capex risk\", \"detail\": \"Downward consensus revisions in hyperscaler capex could weigh on future data center demand.\", \"evidence\": [\"downward revisions in capex\", \"Microsoft, Meta, Amazon, Alphabet\"], \"direction\": \"bearish\", \"impact_score\": -2}]', '[]', '[\"data_centers\", \"ethernet_switches\", \"hyperscalers\", \"ai_infrastructure\", \"capex_expansion\", \"margin_growth\"]', 'Celestica continues to benefit from its leading position in Ethernet switches and custom hardware platforms, driving guidance upgrades and long-duration revenue visibility into at least 2027. Strong hyperscaler demand, accelerating CCS growth, and a favorable mix shift toward higher-margin HPS products support continued revenue and margin expansion. While valuation remains rich and hyperscaler capex trends are a risk to monitor, recent valuation normalization and rising earnings expectations underpin a bullish outlook.', '{\"url\": \"[https://seekingalpha.com/article/4856337-celestica-ive-3xed-my-investment-but-im-still-buying-more](https://seekingalpha.com/article/4856337-celestica-ive-3xed-my-investment-but-im-still-buying-more)\", \"tags\": [\"data_centers\", \"ethernet_switches\", \"hyperscalers\", \"ai_infrastructure\", \"capex_expansion\", \"margin_growth\"], \"recap\": \"Celestica continues to benefit from its leading position in Ethernet switches and custom hardware platforms, driving guidance upgrades and long-duration revenue visibility into at least 2027. Strong hyperscaler demand, accelerating CCS growth, and a favorable mix shift toward higher-margin HPS products support continued revenue and margin expansion. While valuation remains rich and hyperscaler capex trends are a risk to monitor, recent valuation normalization and rising earnings expectations underpin a bullish outlook.\", \"title\": \"Celestica: I\'ve 3xed My Investment But I\'m Still Buying More\", \"source\": \"seeking_alpha\", \"drivers\": [{\"title\": \"Ethernet switch dominance\", \"detail\": \"Celestica holds a leading position in data center Ethernet switches and custom hardware platforms, driving sustained deal momentum.\", \"evidence\": [\"dominant position in Ethernet switches\", \"55% market share in custom HPS platforms\"], \"direction\": \"bullish\", \"impact_score\": 5}, {\"title\": \"Guidance upgrades into 2026\", \"detail\": \"Management raised FY25 guidance and projects further acceleration in FY26 with strong revenue visibility.\", \"evidence\": [\"10.9% revenue guidance beat\", \"FY26 guide of $16 billion\"], \"direction\": \"bullish\", \"impact_score\": 4}, {\"title\": \"Hyperscaler-driven CCS growth\", \"detail\": \"CCS segment growth near 40% YoY is supported by hyperscaler demand and next-generation network ramps.\", \"evidence\": [\"sustenance of a 40% YoY growth rate in the CCS segment\", \"800G and upcoming 1.6T switches\"], \"direction\": \"bullish\", \"impact_score\": 4}, {\"title\": \"Capex signals long runway\", \"detail\": \"Planned FY26 capex expansion indicates confidence in demand through FY27FY28.\", \"evidence\": [\"capex intensity ramp to 2.0%2.5%\", \"capacity expansions for growth in FY27 and FY28\"], \"direction\": \"bullish\", \"impact_score\": 3}, {\"title\": \"Margin expansion from HPS mix\", \"detail\": \"Faster growth in higher-margin HPS revenues supports ongoing EBIT margin expansion.\", \"evidence\": [\"HPS outright growth leader\", \"scope for EBIT margin expansion toward ~15%\"], \"direction\": \"bullish\", \"impact_score\": 3}, {\"title\": \"Hyperscaler capex risk\", \"detail\": \"Downward consensus revisions in hyperscaler capex could weigh on future data center demand.\", \"evidence\": [\"downward revisions in capex\", \"Microsoft, Meta, Amazon, Alphabet\"], \"direction\": \"bearish\", \"impact_score\": -2}], \"tickers\": [\"CLS\"], \"key_dates\": [], \"sentiment\": \"bullish\", \"author_url\": \"[https://seekingalpha.com/author/hunting-alpha#source=url_first_level%3Aarticle%7Csection%3Aauthor_brief%3Ahunting-alpha%7Csection_asset%3Aauthor_brief%7Cauthor_name](https://seekingalpha.com/author/hunting-alpha#source=url_first_level%3Aarticle%7Csection%3Aauthor_brief%3Ahunting-alpha%7Csection_asset%3Aauthor_brief%7Cauthor_name)\", \"confidence\": 82, \"read_grade\": 4, \"author_name\": \"Hunting Alpha\", \"captured_at\": \"2026-01-01T07:50:39.899Z\", \"published_at\": \"2025-12-30T05:53:45-05:00\", \"author_followers\": 7420}'),
(25, 'seeking_alpha', 'https://seekingalpha.com/article/4856653-merck-stock-strong-earnings-growth-rising-cash-flow', 0xb44cd052f91b246fcd582f25f1816f899e3e725b3bb1c5fff8247592930682b2, 'Merck: Framework For Success', '2026-01-01 02:57:56', '2026-01-01 08:00:51', '2026-01-01 09:02:00', 'Blake Winiecki', 'https://seekingalpha.com/author/blake-winiecki#source=url_first_level%3Aarticle%7Csection%3Aauthor_brief%3Ablake-winiecki%7Csection_asset%3Aauthor_brief%7Cauthor_name', 505, 'bullish', 84, 4, '[\"MRK\"]', '[{\"title\": \"Strong earnings acceleration\", \"detail\": \"Adjusted EPS growth accelerated sharply in recent quarters, signaling improving profitability and operating leverage.\", \"evidence\": [\"adjusted EPS taking a 65% leap YoY in Q3\", \"earnings growth evident\"], \"direction\": \"bullish\", \"impact_score\": 4}, {\"title\": \"Keytruda-driven margin expansion\", \"detail\": \"Continued double-digit growth in Keytruda is lifting margins and remains the primary earnings engine.\", \"evidence\": [\"Keytruda continued to grow double digits\", \"nearly 50% of the firm\'s current sales\"], \"direction\": \"bullish\", \"impact_score\": 5}, {\"title\": \"Rising free cash flow\", \"detail\": \"Free cash flow is climbing steadily with analyst forecasts pointing to significant expansion through 2028.\", \"evidence\": [\"FCF reaching $20 billion in 2026\", \"$26.4 billion in sight by 2028\"], \"direction\": \"bullish\", \"impact_score\": 4}, {\"title\": \"Attractive discounted valuation\", \"detail\": \"Merck trades at a material discount to peers and sector averages despite strong growth metrics.\", \"evidence\": [\"forward-looking PE of 13.8x\", \"half of the healthcare sector median\", \"best PEG at 1.23\"], \"direction\": \"bullish\", \"impact_score\": 3}, {\"title\": \"Pipeline diversification progress\", \"detail\": \"New products and acquisitions are expanding Mercks growth base beyond vaccines and legacy drugs.\", \"evidence\": [\"Winrevair saw 141% YoY growth\", \"Verona Pharma acquisition and Ohtuvayre\"], \"direction\": \"bullish\", \"impact_score\": 3}, {\"title\": \"Keytruda exclusivity risk\", \"detail\": \"Loss of exclusivity for Keytruda in 2028 remains a material long-term risk due to revenue concentration.\", \"evidence\": [\"will lose exclusivity to the product in 2028\", \"dependence on Keytruda revenue is heavy\"], \"direction\": \"bearish\", \"impact_score\": -3}]', '[{\"date\": \"2028-01-01\", \"type\": \"LOE\", \"horizon\": \"long_term\", \"tickers\": [\"MRK\"], \"description\": \"Expected loss of exclusivity for Keytruda, creating long-term revenue risk.\"}]', '[\"pharmaceuticals\", \"earnings_growth\", \"free_cash_flow\", \"valuation_discount\", \"oncology\", \"drug_pipeline\"]', 'Merck is showing strong earnings momentum driven by Keytruda, rising margins, and accelerating free cash flow. The company trades at a notable valuation discount relative to peers despite robust EBITDA and EPS growth. New product launches and acquisitions support diversification, while balance sheet strength enhances flexibility. The primary long-term risk remains Keytrudas loss of exclusivity in 2028, but near- and mid-term fundamentals remain supportive.', '{\"url\": \"[https://seekingalpha.com/article/4856653-merck-stock-strong-earnings-growth-rising-cash-flow](https://seekingalpha.com/article/4856653-merck-stock-strong-earnings-growth-rising-cash-flow)\", \"tags\": [\"pharmaceuticals\", \"earnings_growth\", \"free_cash_flow\", \"valuation_discount\", \"oncology\", \"drug_pipeline\"], \"recap\": \"Merck is showing strong earnings momentum driven by Keytruda, rising margins, and accelerating free cash flow. The company trades at a notable valuation discount relative to peers despite robust EBITDA and EPS growth. New product launches and acquisitions support diversification, while balance sheet strength enhances flexibility. The primary long-term risk remains Keytrudas loss of exclusivity in 2028, but near- and mid-term fundamentals remain supportive.\", \"title\": \"Merck: Framework For Success\", \"source\": \"seeking_alpha\", \"drivers\": [{\"title\": \"Strong earnings acceleration\", \"detail\": \"Adjusted EPS growth accelerated sharply in recent quarters, signaling improving profitability and operating leverage.\", \"evidence\": [\"adjusted EPS taking a 65% leap YoY in Q3\", \"earnings growth evident\"], \"direction\": \"bullish\", \"impact_score\": 4}, {\"title\": \"Keytruda-driven margin expansion\", \"detail\": \"Continued double-digit growth in Keytruda is lifting margins and remains the primary earnings engine.\", \"evidence\": [\"Keytruda continued to grow double digits\", \"nearly 50% of the firm\'s current sales\"], \"direction\": \"bullish\", \"impact_score\": 5}, {\"title\": \"Rising free cash flow\", \"detail\": \"Free cash flow is climbing steadily with analyst forecasts pointing to significant expansion through 2028.\", \"evidence\": [\"FCF reaching $20 billion in 2026\", \"$26.4 billion in sight by 2028\"], \"direction\": \"bullish\", \"impact_score\": 4}, {\"title\": \"Attractive discounted valuation\", \"detail\": \"Merck trades at a material discount to peers and sector averages despite strong growth metrics.\", \"evidence\": [\"forward-looking PE of 13.8x\", \"half of the healthcare sector median\", \"best PEG at 1.23\"], \"direction\": \"bullish\", \"impact_score\": 3}, {\"title\": \"Pipeline diversification progress\", \"detail\": \"New products and acquisitions are expanding Mercks growth base beyond vaccines and legacy drugs.\", \"evidence\": [\"Winrevair saw 141% YoY growth\", \"Verona Pharma acquisition and Ohtuvayre\"], \"direction\": \"bullish\", \"impact_score\": 3}, {\"title\": \"Keytruda exclusivity risk\", \"detail\": \"Loss of exclusivity for Keytruda in 2028 remains a material long-term risk due to revenue concentration.\", \"evidence\": [\"will lose exclusivity to the product in 2028\", \"dependence on Keytruda revenue is heavy\"], \"direction\": \"bearish\", \"impact_score\": -3}], \"tickers\": [\"MRK\"], \"key_dates\": [{\"date\": \"2028-01-01\", \"type\": \"LOE\", \"horizon\": \"long_term\", \"tickers\": [\"MRK\"], \"description\": \"Expected loss of exclusivity for Keytruda, creating long-term revenue risk.\"}], \"sentiment\": \"bullish\", \"author_url\": \"[https://seekingalpha.com/author/blake-winiecki#source=url_first_level%3Aarticle%7Csection%3Aauthor_brief%3Ablake-winiecki%7Csection_asset%3Aauthor_brief%7Cauthor_name](https://seekingalpha.com/author/blake-winiecki#source=url_first_level%3Aarticle%7Csection%3Aauthor_brief%3Ablake-winiecki%7Csection_asset%3Aauthor_brief%7Cauthor_name)\", \"confidence\": 84, \"read_grade\": 4, \"author_name\": \"Blake Winiecki\", \"captured_at\": \"2026-01-01T08:00:51.595Z\", \"published_at\": \"2026-01-01T02:57:56-05:00\", \"author_followers\": 505}'),
(26, 'seeking_alpha', 'https://seekingalpha.com/article/4856657-dell-stock-business-can-be-hurt-surging-memory-prices', 0x32049e729db17556f91dd4315d4501cfd09c80e88d23f9878a09090a67887b86, 'Dell Technologies\' Business Could Be Hurt By Surging Memory Prices', '2026-01-01 03:21:07', '2026-01-01 08:29:53', '2026-01-01 09:30:35', 'Invest Heroes', 'https://seekingalpha.com/author/invest-heroes#source=url_first_level%3Aarticle%7Csection%3Aauthor_brief%3Ainvest-heroes%7Csection_asset%3Aauthor_brief%7Cauthor_name', 2510, 'bearish', 85, 4, '[\"DELL\"]', '[{\"title\": \"Surging memory costs\", \"detail\": \"Sharp increases in DRAM prices are materially raising production costs across Dells server and PC segments.\", \"evidence\": [\"sharp increase in the price of memory (mainly DRAM)\", \"unprecedented growth in the prices of all components\"], \"direction\": \"bearish\", \"impact_score\": -5}, {\"title\": \"Declining segment margins\", \"detail\": \"Both Infrastructure Solutions and Client Solutions segments are experiencing year-over-year margin compression.\", \"evidence\": [\"ISG segment fell by 0.9 pp y/y to 12.4%\", \"CSG slid by 0.2 pp to 6%\"], \"direction\": \"bearish\", \"impact_score\": -4}, {\"title\": \"Gross margin erosion\", \"detail\": \"Consolidated gross margin has narrowed significantly over the past nine months, signaling sustained cost pressure.\", \"evidence\": [\"consolidated gross margin narrowed from 21.7% to 19.9%\", \"over the first nine months\"], \"direction\": \"bearish\", \"impact_score\": -3}, {\"title\": \"AI server backlog growth\", \"detail\": \"AI server demand remains strong, with rapidly growing orders and backlog supporting top-line momentum.\", \"evidence\": [\"AI servers totaled $12.3 billion in Q3 orders\", \"backlog reached $18.4 billion\"], \"direction\": \"bullish\", \"impact_score\": 3}, {\"title\": \"Valuation partially discounted\", \"detail\": \"Dell trades at a discount to industry peers despite a modest premium to its historical averages.\", \"evidence\": [\"trading at about a 40% discount to the industry\", \"small premium to its 5-year average multiples\"], \"direction\": \"neutral\", \"impact_score\": 0}]', '[]', '[\"dell\", \"memory_prices\", \"margin_pressure\", \"ai_servers\", \"hardware\", \"bear_case\"]', 'Dell faces mounting margin pressure from surging DRAM prices that are inflating costs across both its server and consumer hardware businesses. Segment and consolidated margins have declined, and management does not expect a near-term recovery. While AI server demand and backlog growth remain strong and support revenue guidance, elevated component costs and limited pricing power weigh on profitability, creating an unfavorable near-term risk-reward profile.', '{\"url\": \"[https://seekingalpha.com/article/4856657-dell-stock-business-can-be-hurt-surging-memory-prices](https://seekingalpha.com/article/4856657-dell-stock-business-can-be-hurt-surging-memory-prices)\", \"tags\": [\"dell\", \"memory_prices\", \"margin_pressure\", \"ai_servers\", \"hardware\", \"bear_case\"], \"recap\": \"Dell faces mounting margin pressure from surging DRAM prices that are inflating costs across both its server and consumer hardware businesses. Segment and consolidated margins have declined, and management does not expect a near-term recovery. While AI server demand and backlog growth remain strong and support revenue guidance, elevated component costs and limited pricing power weigh on profitability, creating an unfavorable near-term risk-reward profile.\", \"title\": \"Dell Technologies\' Business Could Be Hurt By Surging Memory Prices\", \"source\": \"seeking_alpha\", \"drivers\": [{\"title\": \"Surging memory costs\", \"detail\": \"Sharp increases in DRAM prices are materially raising production costs across Dells server and PC segments.\", \"evidence\": [\"sharp increase in the price of memory (mainly DRAM)\", \"unprecedented growth in the prices of all components\"], \"direction\": \"bearish\", \"impact_score\": -5}, {\"title\": \"Declining segment margins\", \"detail\": \"Both Infrastructure Solutions and Client Solutions segments are experiencing year-over-year margin compression.\", \"evidence\": [\"ISG segment fell by 0.9 pp y/y to 12.4%\", \"CSG slid by 0.2 pp to 6%\"], \"direction\": \"bearish\", \"impact_score\": -4}, {\"title\": \"Gross margin erosion\", \"detail\": \"Consolidated gross margin has narrowed significantly over the past nine months, signaling sustained cost pressure.\", \"evidence\": [\"consolidated gross margin narrowed from 21.7% to 19.9%\", \"over the first nine months\"], \"direction\": \"bearish\", \"impact_score\": -3}, {\"title\": \"AI server backlog growth\", \"detail\": \"AI server demand remains strong, with rapidly growing orders and backlog supporting top-line momentum.\", \"evidence\": [\"AI servers totaled $12.3 billion in Q3 orders\", \"backlog reached $18.4 billion\"], \"direction\": \"bullish\", \"impact_score\": 3}, {\"title\": \"Valuation partially discounted\", \"detail\": \"Dell trades at a discount to industry peers despite a modest premium to its historical averages.\", \"evidence\": [\"trading at about a 40% discount to the industry\", \"small premium to its 5-year average multiples\"], \"direction\": \"neutral\", \"impact_score\": 0}], \"tickers\": [\"DELL\"], \"key_dates\": [], \"sentiment\": \"bearish\", \"author_url\": \"[https://seekingalpha.com/author/invest-heroes#source=url_first_level%3Aarticle%7Csection%3Aauthor_brief%3Ainvest-heroes%7Csection_asset%3Aauthor_brief%7Cauthor_name](https://seekingalpha.com/author/invest-heroes#source=url_first_level%3Aarticle%7Csection%3Aauthor_brief%3Ainvest-heroes%7Csection_asset%3Aauthor_brief%7Cauthor_name)\", \"confidence\": 85, \"read_grade\": 4, \"author_name\": \"Invest Heroes\", \"captured_at\": \"2026-01-01T08:29:53.867Z\", \"published_at\": \"2026-01-01T03:21:07-05:00\", \"author_followers\": 2510}'),
(27, 'seeking_alpha', 'https://seekingalpha.com/article/4856655-merck-a-pharma-giant-trading-at-a-decade-low-valuation-while-executing-its-post-keytruda-playbook', 0xd7eb550bc47b903b546c40eb0e3f15397544c0dd79361126d70eb5032bc5a88d, 'Merck: A Pharma Giant Trading At A Decade-Low Valuation While Executing Its Post-Keytruda Playbook', '2026-01-01 03:11:53', '2026-01-01 08:33:17', '2026-01-01 09:33:57', 'Pau Galindo Ortigosa', 'https://seekingalpha.com/author/pau-galindo-ortigosa#source=url_first_level%3Aarticle%7Csection%3Aauthor_brief%3Apau-galindo-ortigosa%7Csection_asset%3Aauthor_brief%7Cauthor_name', 418, 'bullish', 82, 5, '[\"MRK\"]', '[{\"title\": \"Deep valuation discount\", \"detail\": \"Merck trades at a steep discount to sector peers, implying the market has priced in a worst-case post-Keytruda scenario.\", \"evidence\": [\"forward P/E of 11.9x, 39% below sector peers\", \"EV/EBITDA of 9.1x vs sector median 14.5x\"], \"direction\": \"bullish\", \"impact_score\": 5}, {\"title\": \"Keytruda QLEX moat\", \"detail\": \"FDA approval of subcutaneous Keytruda extends exclusivity and mitigates the 2028 patent cliff impact.\", \"evidence\": [\"FDA approved in September 2025\", \"expected to capture 30%-40% of the U.S. patient base\"], \"direction\": \"bullish\", \"impact_score\": 4}, {\"title\": \"Pipeline diversification gains\", \"detail\": \"Winrevair, Capvaxive, and late-stage pipeline assets are gaining traction and reduce dependence on Keytruda.\", \"evidence\": [\"Winrevair sales grew 141% to $360 million in Q3\", \"Capvaxive generated $244 million in Q3\"], \"direction\": \"bullish\", \"impact_score\": 4}, {\"title\": \"Strong cash generation\", \"detail\": \"Robust operating cash flow and balance sheet strength support investment, dividends, and M&A execution.\", \"evidence\": [\"$17.1 billion operating cash flow\", \"$18.2 billion cash on balance sheet\"], \"direction\": \"bullish\", \"impact_score\": 3}, {\"title\": \"Keytruda patent cliff\", \"detail\": \"Biosimilar entry after 2028 remains a major risk with potential for significant revenue erosion.\", \"evidence\": [\"Keytruda patent expires in 2028\", \"analysts project a 30-60% revenue drop\"], \"direction\": \"bearish\", \"impact_score\": -3}, {\"title\": \"Gardasil China weakness\", \"detail\": \"Inventory issues in China have weighed on Gardasil sales, though this appears temporary rather than structural.\", \"evidence\": [\"Gardasil down 24% on inventory problems in China\", \"shipments halted until at least mid-2025\"], \"direction\": \"neutral\", \"impact_score\": 0}]', '[{\"date\": \"2028-01-01\", \"type\": \"LOE\", \"horizon\": \"long_term\", \"tickers\": [\"MRK\"], \"description\": \"Expiration of Keytruda U.S. patent allowing biosimilar entry\"}, {\"date\": \"2025-09-01\", \"type\": \"FDA\", \"horizon\": \"mid_term\", \"tickers\": [\"MRK\"], \"description\": \"FDA approval of subcutaneous Keytruda QLEX formulation\"}]', '[\"pharma\", \"valuation_discount\", \"keytruda\", \"drug_pipeline\", \"dividends\", \"patent_cliff\"]', 'Merck trades at a significant valuation discount as investors focus on the 2028 Keytruda patent expiry. However, strong Q3 results, rapid growth from Winrevair, progress in vaccines, and FDA approval of subcutaneous Keytruda that extends exclusivity suggest earnings durability. Robust cash flow, balance sheet strength, and a long dividend growth streak support the transition, making the current setup asymmetric despite ongoing patent and execution risks.', '{\"url\": \"[https://seekingalpha.com/article/4856655-merck-a-pharma-giant-trading-at-a-decade-low-valuation-while-executing-its-post-keytruda-playbook](https://seekingalpha.com/article/4856655-merck-a-pharma-giant-trading-at-a-decade-low-valuation-while-executing-its-post-keytruda-playbook)\", \"tags\": [\"pharma\", \"valuation_discount\", \"keytruda\", \"drug_pipeline\", \"dividends\", \"patent_cliff\"], \"recap\": \"Merck trades at a significant valuation discount as investors focus on the 2028 Keytruda patent expiry. However, strong Q3 results, rapid growth from Winrevair, progress in vaccines, and FDA approval of subcutaneous Keytruda that extends exclusivity suggest earnings durability. Robust cash flow, balance sheet strength, and a long dividend growth streak support the transition, making the current setup asymmetric despite ongoing patent and execution risks.\", \"title\": \"Merck: A Pharma Giant Trading At A Decade-Low Valuation While Executing Its Post-Keytruda Playbook\", \"source\": \"seeking_alpha\", \"drivers\": [{\"title\": \"Deep valuation discount\", \"detail\": \"Merck trades at a steep discount to sector peers, implying the market has priced in a worst-case post-Keytruda scenario.\", \"evidence\": [\"forward P/E of 11.9x, 39% below sector peers\", \"EV/EBITDA of 9.1x vs sector median 14.5x\"], \"direction\": \"bullish\", \"impact_score\": 5}, {\"title\": \"Keytruda QLEX moat\", \"detail\": \"FDA approval of subcutaneous Keytruda extends exclusivity and mitigates the 2028 patent cliff impact.\", \"evidence\": [\"FDA approved in September 2025\", \"expected to capture 30%-40% of the U.S. patient base\"], \"direction\": \"bullish\", \"impact_score\": 4}, {\"title\": \"Pipeline diversification gains\", \"detail\": \"Winrevair, Capvaxive, and late-stage pipeline assets are gaining traction and reduce dependence on Keytruda.\", \"evidence\": [\"Winrevair sales grew 141% to $360 million in Q3\", \"Capvaxive generated $244 million in Q3\"], \"direction\": \"bullish\", \"impact_score\": 4}, {\"title\": \"Strong cash generation\", \"detail\": \"Robust operating cash flow and balance sheet strength support investment, dividends, and M&A execution.\", \"evidence\": [\"$17.1 billion operating cash flow\", \"$18.2 billion cash on balance sheet\"], \"direction\": \"bullish\", \"impact_score\": 3}, {\"title\": \"Keytruda patent cliff\", \"detail\": \"Biosimilar entry after 2028 remains a major risk with potential for significant revenue erosion.\", \"evidence\": [\"Keytruda patent expires in 2028\", \"analysts project a 30-60% revenue drop\"], \"direction\": \"bearish\", \"impact_score\": -3}, {\"title\": \"Gardasil China weakness\", \"detail\": \"Inventory issues in China have weighed on Gardasil sales, though this appears temporary rather than structural.\", \"evidence\": [\"Gardasil down 24% on inventory problems in China\", \"shipments halted until at least mid-2025\"], \"direction\": \"neutral\", \"impact_score\": 0}], \"tickers\": [\"MRK\"], \"key_dates\": [{\"date\": \"2028-01-01\", \"type\": \"LOE\", \"horizon\": \"long_term\", \"tickers\": [\"MRK\"], \"description\": \"Expiration of Keytruda U.S. patent allowing biosimilar entry\"}, {\"date\": \"2025-09-01\", \"type\": \"FDA\", \"horizon\": \"mid_term\", \"tickers\": [\"MRK\"], \"description\": \"FDA approval of subcutaneous Keytruda QLEX formulation\"}], \"sentiment\": \"bullish\", \"author_url\": \"[https://seekingalpha.com/author/pau-galindo-ortigosa#source=url_first_level%3Aarticle%7Csection%3Aauthor_brief%3Apau-galindo-ortigosa%7Csection_asset%3Aauthor_brief%7Cauthor_name](https://seekingalpha.com/author/pau-galindo-ortigosa#source=url_first_level%3Aarticle%7Csection%3Aauthor_brief%3Apau-galindo-ortigosa%7Csection_asset%3Aauthor_brief%7Cauthor_name)\", \"confidence\": 82, \"read_grade\": 5, \"author_name\": \"Pau Galindo Ortigosa\", \"captured_at\": \"2026-01-01T08:33:17.974Z\", \"published_at\": \"2026-01-01T03:11:53-05:00\", \"author_followers\": 418}');

-- --------------------------------------------------------

--
-- Table structure for table `trade`
--

DROP TABLE IF EXISTS `trade`;
CREATE TABLE IF NOT EXISTS `trade` (
  `id` bigint UNSIGNED NOT NULL AUTO_INCREMENT,
  `user_id` bigint UNSIGNED NOT NULL,
  `broker_account_id` bigint UNSIGNED DEFAULT NULL,
  `instrument_id` bigint UNSIGNED NOT NULL,
  `trade_type` enum('BUY','SELL') CHARACTER SET utf8mb4 COLLATE utf8mb4_unicode_ci NOT NULL,
  `trade_date` date NOT NULL,
  `quantity` decimal(18,6) NOT NULL,
  `price_per_unit` decimal(18,8) NOT NULL,
  `price_eur` decimal(18,8) NOT NULL,
  `trade_currency` char(3) CHARACTER SET utf8mb4 COLLATE utf8mb4_unicode_ci NOT NULL,
  `fee_amount` decimal(18,8) DEFAULT NULL,
  `fee_currency` char(3) CHARACTER SET utf8mb4 COLLATE utf8mb4_unicode_ci DEFAULT NULL,
  `fx_rate_to_eur` decimal(18,8) NOT NULL,
  `total_value_eur` decimal(18,2) NOT NULL,
  `fee_eur` decimal(18,2) NOT NULL DEFAULT '0.00',
  `notes` varchar(255) CHARACTER SET utf8mb4 COLLATE utf8mb4_unicode_ci DEFAULT NULL,
  `is_voided` tinyint(1) NOT NULL DEFAULT '0',
  `void_reason` varchar(255) CHARACTER SET utf8mb4 COLLATE utf8mb4_unicode_ci DEFAULT NULL,
  `created_at` datetime NOT NULL DEFAULT CURRENT_TIMESTAMP,
  `updated_at` datetime NOT NULL DEFAULT CURRENT_TIMESTAMP ON UPDATE CURRENT_TIMESTAMP,
  `created_by` bigint UNSIGNED DEFAULT NULL,
  `updated_by` bigint UNSIGNED DEFAULT NULL,
  PRIMARY KEY (`id`),
  KEY `idx_trade_user_date` (`user_id`,`trade_date`),
  KEY `idx_trade_user_instr_date` (`user_id`,`instrument_id`,`trade_date`),
  KEY `fk_trade_broker` (`broker_account_id`),
  KEY `fk_trade_instr` (`instrument_id`),
  KEY `fk_trade_created_by` (`created_by`),
  KEY `fk_trade_updated_by` (`updated_by`)
) ENGINE=InnoDB AUTO_INCREMENT=34 DEFAULT CHARSET=utf8mb4 COLLATE=utf8mb4_unicode_ci;

--
-- Dumping data for table `trade`
--

INSERT INTO `trade` (`id`, `user_id`, `broker_account_id`, `instrument_id`, `trade_type`, `trade_date`, `quantity`, `price_per_unit`, `price_eur`, `trade_currency`, `fee_amount`, `fee_currency`, `fx_rate_to_eur`, `total_value_eur`, `fee_eur`, `notes`, `is_voided`, `void_reason`, `created_at`, `updated_at`, `created_by`, `updated_by`) VALUES
(1, 1, 1, 17, 'BUY', '2017-03-14', '11.000000', '139.32000000', '130.00000000', 'USD', NULL, NULL, '0.93848470', '1438.25', '0.00', '', 0, NULL, '2025-12-25 19:33:56', '2025-12-27 08:15:23', NULL, NULL),
(2, 1, 1, 4, 'BUY', '2017-04-26', '14.000000', '120.30000000', '110.00000000', 'USD', NULL, NULL, '0.91802078', '1546.10', '0.00', '', 0, NULL, '2025-12-25 19:38:09', '2025-12-27 08:15:23', NULL, NULL),
(3, 1, 1, 14, 'BUY', '2017-06-09', '13.000000', '150.00000000', '134.00000000', 'USD', NULL, NULL, '0.89477460', '1744.81', '0.00', '', 0, NULL, '2025-12-25 19:43:29', '2025-12-27 08:15:23', NULL, NULL),
(4, 1, 1, 11, 'BUY', '2017-09-25', '10.000000', '209.87000000', '176.85180000', 'USD', NULL, NULL, '0.84267300', '1768.52', '0.00', '', 0, NULL, '2025-12-25 19:58:11', '2025-12-27 08:15:23', NULL, NULL),
(5, 1, 1, 18, 'BUY', '2018-08-17', '11.000000', '77.45360000', '88.22750000', 'USD', NULL, NULL, '0.87788600', '970.50', '0.00', '', 0, NULL, '2025-12-25 20:03:10', '2025-12-27 08:15:23', NULL, NULL),
(6, 1, 1, 1, 'BUY', '2018-08-17', '20.000000', '65.00000000', '57.06260000', 'USD', NULL, NULL, '0.87788600', '1141.25', '0.00', '', 0, NULL, '2025-12-25 20:06:03', '2025-12-27 08:15:23', NULL, NULL),
(8, 1, 1, 17, 'SELL', '2018-08-17', '11.000000', '219.81359000', '188.34170000', 'USD', NULL, NULL, '0.85682400', '2071.76', '0.00', '', 0, NULL, '2025-12-25 20:12:12', '2025-12-27 08:15:23', NULL, NULL),
(9, 1, 1, 19, 'BUY', '2020-05-13', '30.000000', '64.11000000', '51.79770000', 'USD', NULL, NULL, '0.80788400', '1553.80', '0.00', '', 0, NULL, '2025-12-25 20:28:33', '2025-12-27 08:15:23', NULL, NULL),
(10, 1, 1, 6, 'BUY', '2020-07-06', '15.000000', '108.00000000', '95.36420000', 'USD', NULL, NULL, '0.88300180', '1430.46', '0.00', '', 0, NULL, '2025-12-25 20:33:00', '2025-12-27 08:15:23', NULL, NULL),
(11, 1, 1, 7, 'BUY', '2020-09-17', '65.000000', '26.55000000', '22.50570000', 'USD', NULL, NULL, '0.84767230', '1462.87', '0.00', '', 0, NULL, '2025-12-25 20:36:29', '2025-12-27 08:15:23', NULL, NULL),
(12, 1, 1, 13, 'BUY', '2020-12-16', '26.000000', '73.00000000', '59.89010000', 'USD', NULL, NULL, '0.82041230', '1557.14', '0.00', '', 0, NULL, '2025-12-25 20:42:28', '2025-12-27 08:15:23', NULL, NULL),
(13, 1, 1, 20, 'BUY', '2021-04-19', '70.000000', '32.88230000', '30.27840000', 'USD', NULL, NULL, '0.91990000', '2117.39', '0.00', '', 0, NULL, '2025-12-25 20:55:37', '2025-12-27 08:15:23', NULL, NULL),
(14, 1, 1, 18, 'SELL', '2021-04-14', '11.000000', '62.47100000', '56.98350000', 'USD', NULL, NULL, '0.91215900', '626.82', '0.00', '', 0, NULL, '2025-12-25 20:58:10', '2025-12-27 08:15:23', NULL, NULL),
(15, 1, 1, 14, 'SELL', '2021-04-14', '3.000000', '569.10654000', '519.11570000', 'USD', NULL, NULL, '0.91215900', '1557.35', '0.00', '', 0, NULL, '2025-12-25 21:00:24', '2025-12-27 08:15:23', NULL, NULL),
(16, 1, 1, 21, 'BUY', '2021-11-05', '10.000000', '0.00000000', '0.00000000', 'USD', NULL, NULL, '1.00000000', '0.10', '0.00', '', 0, NULL, '2025-12-25 21:08:12', '2025-12-27 08:15:23', NULL, NULL),
(17, 1, 1, 16, 'BUY', '2021-12-14', '12.000000', '143.73000000', '0.00000000', 'USD', NULL, NULL, '0.88425100', '1525.12', '0.00', '', 0, NULL, '2025-12-25 21:17:30', '2025-12-27 08:15:23', NULL, NULL),
(18, 1, 1, 20, 'SELL', '2023-01-05', '70.000000', '51.00000000', '0.00000000', 'USD', NULL, NULL, '0.94330720', '3367.61', '0.00', '', 0, NULL, '2025-12-25 21:25:11', '2025-12-27 08:15:23', NULL, NULL),
(19, 1, 1, 15, 'BUY', '2024-04-04', '2.000000', '0.00000000', '0.00000000', 'USD', NULL, NULL, '1.00000000', '0.00', '0.00', '', 0, NULL, '2025-12-26 11:33:11', '2025-12-27 08:15:23', NULL, NULL),
(20, 1, 1, 14, 'SELL', '2025-01-10', '1.000000', '5436.40000000', '5275.99901800', 'USD', NULL, NULL, '0.97049500', '5276.00', '43.61', '', 0, NULL, '2025-12-26 13:46:05', '2025-12-27 08:15:23', NULL, NULL),
(21, 1, 1, 10, 'BUY', '2025-01-10', '16.000000', '107.00000000', '104.92253080', 'USD', NULL, NULL, '0.98058440', '1678.76', '32.85', '', 0, NULL, '2025-12-26 13:50:42', '2025-12-27 08:15:23', NULL, NULL),
(22, 1, 1, 5, 'BUY', '2025-01-10', '23.000000', '68.50000000', '67.17003140', 'USD', NULL, NULL, '0.98058440', '1544.91', '32.85', '', 0, NULL, '2025-12-26 13:51:37', '2025-12-27 08:15:23', NULL, NULL),
(23, 1, 1, 3, 'BUY', '2025-01-10', '17.000000', '97.08000000', '95.19513355', 'USD', NULL, NULL, '0.98058440', '1618.32', '32.85', '', 0, NULL, '2025-12-26 13:53:36', '2025-12-27 08:15:23', NULL, NULL),
(24, 1, 1, 14, 'SELL', '2025-11-17', '25.000000', '188.50000000', '162.59802650', 'USD', NULL, NULL, '0.86258900', '4064.95', '36.95', '', 0, NULL, '2025-12-26 14:35:12', '2025-12-27 08:15:23', NULL, NULL),
(25, 1, 1, 2, 'BUY', '2025-11-17', '8.000000', '245.41000000', '211.68796649', 'USD', NULL, NULL, '0.86258900', '1693.50', '27.14', '', 0, NULL, '2025-12-27 08:11:43', '2025-12-27 08:16:29', NULL, NULL),
(26, 1, 1, 9, 'BUY', '2025-11-17', '10.000000', '288.00000000', '248.42563200', 'USD', NULL, NULL, '0.86258900', '2484.26', '30.52', '', 0, NULL, '2025-12-27 08:16:23', '2025-12-27 10:12:48', NULL, NULL),
(27, 1, 1, 8, 'BUY', '2025-11-24', '7.000000', '335.50000000', '290.62716353', 'USD', NULL, NULL, '0.86625086', '2034.39', '29.19', '', 0, NULL, '2025-12-27 08:20:13', '2025-12-27 08:21:12', NULL, NULL),
(28, 1, 1, 12, 'BUY', '2025-11-24', '24.000000', '100.94000000', '87.43936180', 'USD', NULL, NULL, '0.86625086', '2098.54', '29.54', '', 0, NULL, '2025-12-27 08:21:04', '2025-12-27 10:27:20', NULL, NULL),
(29, 1, 1, 19, 'SELL', '2025-04-04', '10.000000', '0.07700000', '0.07025739', 'USD', NULL, NULL, '0.91243373', '0.70', '0.00', '', 0, NULL, '2025-12-27 16:03:24', '2025-12-27 16:03:24', NULL, NULL),
(30, 1, 1, 19, 'SELL', '2025-07-21', '20.000000', '0.15000000', '0.12725884', 'USD', NULL, NULL, '0.84839229', '2.55', '0.00', '', 0, NULL, '2025-12-27 16:05:22', '2025-12-27 16:18:09', NULL, NULL),
(31, 1, 1, 21, 'SELL', '2025-05-14', '10.000000', '5.00000000', '4.24196145', 'USD', NULL, NULL, '0.84839229', '42.42', '0.00', '', 0, NULL, '2025-12-28 09:40:22', '2025-12-28 09:40:22', NULL, NULL),
(32, 1, 1, 1, 'SELL', '2025-12-29', '3.000000', '50.95000000', '43.22558717', 'USD', NULL, NULL, '0.84839229', '129.68', '0.00', '', 0, NULL, '2025-12-29 15:47:06', '2025-12-30 17:18:12', NULL, NULL),
(33, 1, 1, 1, 'SELL', '2025-12-29', '17.000000', '50.97000000', '43.24255502', 'USD', NULL, NULL, '0.84839229', '735.12', '33.00', '', 0, NULL, '2025-12-29 15:47:35', '2025-12-30 17:18:16', NULL, NULL);

-- --------------------------------------------------------

--
-- Table structure for table `trade_document`
--

DROP TABLE IF EXISTS `trade_document`;
CREATE TABLE IF NOT EXISTS `trade_document` (
  `trade_id` bigint UNSIGNED NOT NULL,
  `document_id` bigint UNSIGNED NOT NULL,
  PRIMARY KEY (`trade_id`,`document_id`),
  KEY `fk_td_document` (`document_id`)
) ENGINE=InnoDB DEFAULT CHARSET=utf8mb4 COLLATE=utf8mb4_unicode_ci;

--
-- Dumping data for table `trade_document`
--

INSERT INTO `trade_document` (`trade_id`, `document_id`) VALUES
(33, 6),
(33, 7),
(33, 9);

-- --------------------------------------------------------

--
-- Table structure for table `trade_lot`
--

DROP TABLE IF EXISTS `trade_lot`;
CREATE TABLE IF NOT EXISTS `trade_lot` (
  `id` bigint UNSIGNED NOT NULL AUTO_INCREMENT,
  `user_id` bigint UNSIGNED NOT NULL,
  `buy_trade_id` bigint UNSIGNED NOT NULL,
  `instrument_id` bigint UNSIGNED NOT NULL,
  `opened_date` date NOT NULL,
  `quantity_opened` decimal(18,6) NOT NULL,
  `quantity_remaining` decimal(18,6) NOT NULL,
  `cost_basis_eur` decimal(18,2) NOT NULL,
  `created_at` datetime NOT NULL DEFAULT CURRENT_TIMESTAMP,
  `updated_at` datetime NOT NULL DEFAULT CURRENT_TIMESTAMP ON UPDATE CURRENT_TIMESTAMP,
  `created_by` bigint UNSIGNED DEFAULT NULL,
  `updated_by` bigint UNSIGNED DEFAULT NULL,
  PRIMARY KEY (`id`),
  KEY `idx_lot_user_instr_date` (`user_id`,`instrument_id`,`opened_date`),
  KEY `fk_lot_buy_trade` (`buy_trade_id`),
  KEY `fk_lot_instr` (`instrument_id`),
  KEY `fk_lot_created_by` (`created_by`),
  KEY `fk_lot_updated_by` (`updated_by`)
) ENGINE=InnoDB AUTO_INCREMENT=23 DEFAULT CHARSET=utf8mb4 COLLATE=utf8mb4_unicode_ci;

--
-- Dumping data for table `trade_lot`
--

INSERT INTO `trade_lot` (`id`, `user_id`, `buy_trade_id`, `instrument_id`, `opened_date`, `quantity_opened`, `quantity_remaining`, `cost_basis_eur`, `created_at`, `updated_at`, `created_by`, `updated_by`) VALUES
(1, 1, 1, 17, '2017-03-14', '11.000000', '0.000000', '1438.25', '2025-12-25 19:33:56', '2025-12-25 20:15:51', NULL, NULL),
(2, 1, 2, 4, '2017-04-26', '14.000000', '14.000000', '1546.10', '2025-12-25 19:38:09', '2025-12-25 20:16:00', NULL, NULL),
(3, 1, 3, 14, '2017-06-09', '520.000000', '335.000000', '1744.81', '2025-12-25 19:43:29', '2025-12-26 14:35:12', NULL, NULL),
(4, 1, 4, 11, '2017-09-25', '10.000000', '10.000000', '1768.52', '2025-12-25 19:58:11', '2025-12-25 19:58:11', NULL, NULL),
(5, 1, 5, 18, '2018-08-17', '11.000000', '0.000000', '970.50', '2025-12-25 20:03:10', '2025-12-25 20:58:10', NULL, NULL),
(7, 1, 6, 1, '2018-08-17', '20.000000', '0.000000', '1141.25', '2025-12-25 20:18:47', '2025-12-30 17:16:25', NULL, NULL),
(8, 1, 9, 19, '2020-05-13', '30.000000', '0.000000', '1553.80', '2025-12-25 20:28:33', '2025-12-27 16:18:09', NULL, NULL),
(9, 1, 10, 6, '2020-07-06', '15.000000', '15.000000', '1430.46', '2025-12-25 20:33:00', '2025-12-25 20:33:00', NULL, NULL),
(10, 1, 11, 7, '2020-09-17', '65.000000', '65.000000', '1462.87', '2025-12-25 20:36:29', '2025-12-25 20:36:29', NULL, NULL),
(11, 1, 12, 13, '2020-12-16', '26.000000', '26.000000', '1557.14', '2025-12-25 20:42:28', '2025-12-25 20:42:28', NULL, NULL),
(12, 1, 13, 20, '2021-04-19', '70.000000', '0.000000', '2117.39', '2025-12-25 20:55:37', '2025-12-25 21:25:11', NULL, NULL),
(13, 1, 16, 21, '2021-11-05', '10.000000', '0.000000', '0.00', '2025-12-25 21:08:12', '2025-12-28 09:40:22', NULL, NULL),
(14, 1, 17, 16, '2021-12-14', '12.000000', '12.000000', '1525.12', '2025-12-25 21:17:30', '2025-12-25 21:17:30', NULL, NULL),
(15, 1, 19, 15, '2024-04-04', '2.000000', '2.000000', '0.00', '2025-12-26 11:33:11', '2025-12-26 11:33:11', NULL, NULL),
(16, 1, 21, 10, '2025-01-10', '16.000000', '16.000000', '1711.61', '2025-12-26 13:50:42', '2025-12-26 14:01:48', NULL, NULL),
(17, 1, 22, 5, '2025-01-10', '23.000000', '23.000000', '1577.76', '2025-12-26 13:51:37', '2025-12-26 14:01:34', NULL, NULL),
(18, 1, 23, 3, '2025-01-10', '17.000000', '17.000000', '1651.17', '2025-12-26 13:53:36', '2025-12-26 14:01:23', NULL, NULL),
(19, 1, 25, 2, '2025-11-17', '8.000000', '8.000000', '1720.64', '2025-12-27 08:11:43', '2025-12-27 08:12:16', NULL, NULL),
(20, 1, 26, 9, '2025-11-17', '10.000000', '10.000000', '2514.78', '2025-12-27 08:16:23', '2025-12-27 08:17:49', NULL, NULL),
(21, 1, 27, 8, '2025-11-24', '7.000000', '7.000000', '2063.58', '2025-12-27 08:20:13', '2025-12-27 08:21:12', NULL, NULL),
(22, 1, 28, 12, '2025-11-24', '24.000000', '24.000000', '2128.08', '2025-12-27 08:21:04', '2025-12-27 10:27:20', NULL, NULL);

-- --------------------------------------------------------

--
-- Table structure for table `trade_lot_allocation`
--

DROP TABLE IF EXISTS `trade_lot_allocation`;
CREATE TABLE IF NOT EXISTS `trade_lot_allocation` (
  `id` bigint UNSIGNED NOT NULL AUTO_INCREMENT,
  `user_id` bigint UNSIGNED NOT NULL,
  `sell_trade_id` bigint UNSIGNED NOT NULL,
  `trade_lot_id` bigint UNSIGNED NOT NULL,
  `quantity_consumed` decimal(18,6) NOT NULL,
  `proceeds_eur` decimal(18,2) NOT NULL,
  `cost_basis_eur` decimal(18,2) NOT NULL,
  `realized_pnl_eur` decimal(18,2) NOT NULL,
  `created_at` datetime NOT NULL DEFAULT CURRENT_TIMESTAMP,
  `updated_at` datetime NOT NULL DEFAULT CURRENT_TIMESTAMP ON UPDATE CURRENT_TIMESTAMP,
  `created_by` bigint UNSIGNED DEFAULT NULL,
  `updated_by` bigint UNSIGNED DEFAULT NULL,
  PRIMARY KEY (`id`),
  KEY `idx_alloc_user_sell` (`user_id`,`sell_trade_id`),
  KEY `idx_alloc_user_lot` (`user_id`,`trade_lot_id`),
  KEY `fk_alloc_sell_trade` (`sell_trade_id`),
  KEY `fk_alloc_lot` (`trade_lot_id`),
  KEY `fk_alloc_created_by` (`created_by`),
  KEY `fk_alloc_updated_by` (`updated_by`)
) ENGINE=InnoDB AUTO_INCREMENT=16 DEFAULT CHARSET=utf8mb4 COLLATE=utf8mb4_unicode_ci;

--
-- Dumping data for table `trade_lot_allocation`
--

INSERT INTO `trade_lot_allocation` (`id`, `user_id`, `sell_trade_id`, `trade_lot_id`, `quantity_consumed`, `proceeds_eur`, `cost_basis_eur`, `realized_pnl_eur`, `created_at`, `updated_at`, `created_by`, `updated_by`) VALUES
(2, 1, 8, 1, '11.000000', '2071.76', '1632.90', '438.86', '2025-12-25 20:12:12', '2025-12-25 20:12:12', NULL, NULL),
(3, 1, 14, 5, '11.000000', '626.82', '970.50', '-343.68', '2025-12-25 20:58:10', '2025-12-25 20:58:10', NULL, NULL),
(4, 1, 15, 3, '3.000000', '1557.35', '402.65', '1154.70', '2025-12-25 21:00:24', '2025-12-25 21:05:20', NULL, NULL),
(5, 1, 18, 12, '70.000000', '3367.61', '2117.39', '1250.22', '2025-12-25 21:25:11', '2025-12-25 21:25:11', NULL, NULL),
(6, 1, 20, 3, '1.000000', '5232.39', '134.22', '5098.17', '2025-12-26 13:46:05', '2025-12-26 13:46:05', NULL, NULL),
(7, 1, 24, 3, '25.000000', '4028.00', '83.89', '3944.11', '2025-12-26 14:35:12', '2025-12-26 14:35:12', NULL, NULL),
(8, 1, 29, 8, '10.000000', '0.70', '517.93', '-517.23', '2025-12-27 16:03:24', '2025-12-27 16:03:24', NULL, NULL),
(10, 1, 30, 8, '20.000000', '2.55', '1035.87', '-1033.32', '2025-12-27 16:18:09', '2025-12-27 16:18:09', NULL, NULL),
(11, 1, 31, 13, '10.000000', '42.42', '0.00', '42.42', '2025-12-28 09:40:22', '2025-12-28 09:40:22', NULL, NULL),
(14, 1, 32, 7, '3.000000', '129.68', '171.19', '-41.51', '2025-12-30 17:16:16', '2025-12-30 17:16:16', NULL, NULL),
(15, 1, 33, 7, '17.000000', '735.12', '970.06', '-234.94', '2025-12-30 17:16:25', '2025-12-30 17:16:25', NULL, NULL);

-- --------------------------------------------------------

--
-- Table structure for table `user`
--

DROP TABLE IF EXISTS `user`;
CREATE TABLE IF NOT EXISTS `user` (
  `id` bigint UNSIGNED NOT NULL AUTO_INCREMENT,
  `email` varchar(255) CHARACTER SET utf8mb4 COLLATE utf8mb4_unicode_ci NOT NULL,
  `password_hash` varchar(255) CHARACTER SET utf8mb4 COLLATE utf8mb4_unicode_ci DEFAULT NULL,
  `first_name` varchar(100) CHARACTER SET utf8mb4 COLLATE utf8mb4_unicode_ci DEFAULT NULL,
  `last_name` varchar(100) CHARACTER SET utf8mb4 COLLATE utf8mb4_unicode_ci DEFAULT NULL,
  `is_active` tinyint(1) NOT NULL DEFAULT '1',
  `created_at` datetime NOT NULL DEFAULT CURRENT_TIMESTAMP,
  `updated_at` datetime NOT NULL DEFAULT CURRENT_TIMESTAMP ON UPDATE CURRENT_TIMESTAMP,
  PRIMARY KEY (`id`),
  UNIQUE KEY `uk_user_email` (`email`)
) ENGINE=InnoDB AUTO_INCREMENT=2 DEFAULT CHARSET=utf8mb4 COLLATE=utf8mb4_unicode_ci;

--
-- Dumping data for table `user`
--

INSERT INTO `user` (`id`, `email`, `password_hash`, `first_name`, `last_name`, `is_active`, `created_at`, `updated_at`) VALUES
(1, 'eriksmi@gmail.com', '$2y$10$klddWVsftjpLU/6AXjSy0.6CouZNfLAprA3jKYq/1l1yAwaH3ImBS', NULL, NULL, 1, '2025-12-25 09:49:08', '2025-12-25 09:49:08');

--
-- Constraints for dumped tables
--

--
-- Constraints for table `app_settings`
--
ALTER TABLE `app_settings`
  ADD CONSTRAINT `fk_settings_created_by` FOREIGN KEY (`created_by`) REFERENCES `user` (`id`),
  ADD CONSTRAINT `fk_settings_updated_by` FOREIGN KEY (`updated_by`) REFERENCES `user` (`id`),
  ADD CONSTRAINT `fk_settings_user` FOREIGN KEY (`user_id`) REFERENCES `user` (`id`);

--
-- Constraints for table `broker_account`
--
ALTER TABLE `broker_account`
  ADD CONSTRAINT `fk_broker_created_by` FOREIGN KEY (`created_by`) REFERENCES `user` (`id`),
  ADD CONSTRAINT `fk_broker_updated_by` FOREIGN KEY (`updated_by`) REFERENCES `user` (`id`),
  ADD CONSTRAINT `fk_broker_user` FOREIGN KEY (`user_id`) REFERENCES `user` (`id`);

--
-- Constraints for table `dividend_document`
--
ALTER TABLE `dividend_document`
  ADD CONSTRAINT `fk_dd_dividend` FOREIGN KEY (`dividend_id`) REFERENCES `dividend` (`id`),
  ADD CONSTRAINT `fk_dd_document` FOREIGN KEY (`document_id`) REFERENCES `document` (`id`);

--
-- Constraints for table `dividend_payer`
--
ALTER TABLE `dividend_payer`
  ADD CONSTRAINT `fk_payer_created_by` FOREIGN KEY (`created_by`) REFERENCES `user` (`id`),
  ADD CONSTRAINT `fk_payer_updated_by` FOREIGN KEY (`updated_by`) REFERENCES `user` (`id`),
  ADD CONSTRAINT `fk_payer_user` FOREIGN KEY (`user_id`) REFERENCES `user` (`id`);

--
-- Constraints for table `document`
--
ALTER TABLE `document`
  ADD CONSTRAINT `fk_document_user` FOREIGN KEY (`user_id`) REFERENCES `user` (`id`);

--
-- Constraints for table `instrument`
--
ALTER TABLE `instrument`
  ADD CONSTRAINT `fk_instrument_dividend_payer` FOREIGN KEY (`dividend_payer_id`) REFERENCES `dividend_payer` (`id`);

--
-- Constraints for table `instrument_price_daily`
--
ALTER TABLE `instrument_price_daily`
  ADD CONSTRAINT `fk_price_instr` FOREIGN KEY (`instrument_id`) REFERENCES `instrument` (`id`),
  ADD CONSTRAINT `fk_price_user` FOREIGN KEY (`user_id`) REFERENCES `user` (`id`);

--
-- Constraints for table `instrument_price_latest`
--
ALTER TABLE `instrument_price_latest`
  ADD CONSTRAINT `fk_latest_instr` FOREIGN KEY (`instrument_id`) REFERENCES `instrument` (`id`),
  ADD CONSTRAINT `fk_latest_user` FOREIGN KEY (`user_id`) REFERENCES `user` (`id`);

--
-- Constraints for table `trade_document`
--
ALTER TABLE `trade_document`
  ADD CONSTRAINT `fk_td_document` FOREIGN KEY (`document_id`) REFERENCES `document` (`id`),
  ADD CONSTRAINT `fk_td_trade` FOREIGN KEY (`trade_id`) REFERENCES `trade` (`id`);
COMMIT;

/*!40101 SET CHARACTER_SET_CLIENT=@OLD_CHARACTER_SET_CLIENT */;
/*!40101 SET CHARACTER_SET_RESULTS=@OLD_CHARACTER_SET_RESULTS */;
/*!40101 SET COLLATION_CONNECTION=@OLD_COLLATION_CONNECTION */;
